町丁目,総世帯数,総人口,総男,総女,男,女,男,女,男,女,男,女,男,女,男,女,男,女,男,女,男,女,男,女,男,女,男,女,男,女,男,女,男,女,男,女,男,女,男,女,男,女,男,女,男,女,男,女,男,女,男,女,男,女,男,女,男,女,男,女,男,女,男,女,男,女,男,女,男,女,男,女,男,女,男,女,男,女,男,女,男,女,男,女,男,女,男,女,男,女,男,女,男,女,男,女,男,女,男,女,男,女,男,女,男,女,男,女,男,女,男,女,男,女,男,女,男,女,男,女,男,女,男,女,男,女,男,女,男,女,男,女,男,女,男,女,男,女,男,女,男,女,男,女,男,女,男,女,男,女,男,女,男,女,男,女,男,女,男,女,男,女,男,女,男,女,男,女,男,女,男,女,男,女,男,女,男,女,男,女,男,女,男,女,男,女,男,女,男,女,男,女,男,女,男,女,男,女,男,女,男,女,男,女,男,女,男,女,男,女,男,女,男,女,男,女,男,女,男,女,男,女,男,女,男,女,男,女,男,女,男,女,男,女,男,女,男,女,男,女,男,女,男,女,男,女,男,女
方南一丁目,5092,8177,4222,3955,28,22,34,31,30,28,25,24,31,32,38,35,34,29,33,24,24,21,23,24,26,26,22,26,20,28,28,20,23,27,23,20,15,28,27,24,30,25,34,38,35,34,35,34,54,52,80,64,115,59,97,72,90,75,100,82,120,75,96,78,87,66,77,70,81,78,78,78,88,68,102,73,83,77,83,63,70,68,82,66,76,61,55,59,62,58,68,67,71,50,56,68,70,56,66,62,66,66,68,60,49,65,75,54,67,52,50,59,67,55,63,47,42,28,45,58,38,40,39,43,46,30,36,31,36,35,25,25,26,33,31,38,28,31,29,25,32,27,34,51,33,36,40,23,31,39,47,42,37,41,32,32,26,28,20,26,29,34,22,25,23,34,19,29,21,24,15,23,17,18,14,21,14,22,14,32,11,16,11,14,6,15,3,19,7,13,2,12,5,13,0,9,2,3,1,3,2,4,0,4,0,2,1,1,0,0,0,0,0,0,0,0,0,0,0,0,0,0,0,0,0,0,0,0,0,0,0,0,0,0,0,0,0,0,0,0,0,0,0,0,0,0,0,0
方南二丁目,3114,5228,2485,2743,25,29,31,27,27,25,33,35,20,20,18,20,12,24,20,18,19,10,16,17,15,13,13,10,15,15,12,12,18,13,17,15,22,16,6,14,11,12,14,7,15,20,14,13,27,21,23,42,29,32,40,43,33,42,46,40,41,55,43,49,41,51,46,46,46,44,38,50,57,39,56,42,45,51,48,47,53,56,53,50,56,46,49,44,41,49,36,49,45,36,36,46,40,42,58,43,35,46,47,40,31,53,42,45,42,40,43,43,22,37,25,33,30,27,30,29,27,33,26,28,22,25,29,28,20,30,24,16,19,32,27,24,26,27,21,24,29,31,19,28,19,27,26,28,25,27,27,41,27,29,20,30,24,15,20,15,15,20,13,28,10,25,12,17,11,23,8,17,11,24,15,12,5,15,9,23,7,10,5,12,3,17,4,0,6,10,3,4,4,2,0,6,0,2,1,1,0,1,0,2,0,1,0,0,0,0,0,0,0,0,0,0,0,0,0,0,0,0,0,0,0,0,0,0,0,0,0,0,0,0,0,0,0,0,0,0,0,0,0,0,0,0,0,0
和泉一丁目,3903,5789,2911,2878,16,10,17,15,12,18,16,10,14,12,11,13,13,15,20,13,15,26,12,13,18,11,11,14,10,10,11,6,12,16,12,10,4,5,12,13,15,18,25,18,27,33,26,35,46,41,58,51,65,76,73,57,80,83,80,81,77,75,86,79,59,69,50,59,59,68,75,52,71,52,65,59,65,48,48,43,51,47,50,49,51,51,41,40,60,50,51,50,51,42,42,33,51,40,56,40,52,44,47,30,49,39,33,36,37,35,35,33,43,31,30,30,15,24,32,40,35,31,33,26,34,37,28,27,22,29,37,21,18,16,24,17,22,24,32,27,18,21,19,22,21,29,20,24,32,28,22,21,23,32,21,27,13,18,17,15,23,30,17,9,17,22,12,18,9,15,4,20,14,10,5,22,10,18,7,14,11,22,3,16,8,8,3,8,2,8,4,4,3,9,1,7,0,5,2,3,0,3,1,2,1,0,0,1,0,1,0,0,0,0,0,0,0,0,0,0,0,0,0,0,0,0,0,0,0,0,0,0,0,0,0,0,0,0,0,0,0,0,0,0,0,0,0,0
和泉二丁目,4314,7465,3760,3705,29,25,29,21,33,33,23,33,35,19,31,31,24,31,25,37,32,33,26,21,29,31,33,30,22,23,24,29,27,31,25,27,30,23,19,19,24,27,32,37,35,35,50,58,79,42,81,54,90,63,86,67,75,50,79,63,78,69,70,60,67,55,55,44,63,59,58,50,75,49,52,54,72,64,59,55,64,56,61,64,64,57,46,60,66,60,75,59,60,57,67,55,61,49,60,59,56,58,53,59,53,70,49,50,58,54,46,60,67,55,59,54,36,38,45,41,53,36,42,36,37,40,43,37,31,35,37,30,29,25,30,32,27,35,27,30,23,29,23,24,24,31,21,24,26,41,39,35,29,55,37,47,22,28,20,24,28,24,28,31,33,28,14,37,18,27,11,20,7,24,13,23,6,16,11,15,12,22,9,15,6,13,4,14,5,11,5,8,4,13,1,8,1,5,1,2,1,3,0,3,0,1,0,1,0,0,0,0,0,0,0,0,0,0,0,0,0,0,0,0,0,0,0,0,0,0,0,0,0,0,0,0,0,0,0,0,0,0,0,0,0,0,0,0
和泉三丁目,3740,6510,3043,3467,24,16,19,29,18,18,21,28,23,21,22,22,18,31,28,21,16,21,25,18,31,13,19,25,19,16,23,26,18,10,25,17,16,18,23,17,19,24,33,24,28,30,43,35,43,35,41,65,37,52,49,63,61,65,51,73,46,69,54,68,45,66,48,52,42,62,44,52,40,49,50,54,50,59,53,56,51,53,44,63,47,42,56,55,63,53,37,52,40,52,53,51,46,41,53,52,59,55,52,59,44,63,41,49,49,48,52,52,52,58,48,49,28,43,47,52,52,43,40,41,41,40,35,43,28,37,34,26,28,37,32,30,29,32,28,31,26,27,34,34,29,24,23,34,26,36,34,28,32,32,37,35,19,32,17,29,20,32,23,33,21,27,9,23,14,11,19,19,13,15,16,15,6,17,10,19,10,16,6,10,7,18,7,12,4,14,4,9,0,8,1,12,0,6,1,6,1,3,0,3,0,1,0,2,0,1,0,0,0,0,0,1,0,1,0,0,0,0,0,0,0,0,0,0,0,0,0,0,0,0,0,0,0,0,0,0,0,0,0,0,0,0,0,0
和泉四丁目,4809,8590,4176,4414,27,28,29,23,38,34,33,35,41,35,48,26,41,36,30,33,37,35,44,33,27,35,40,39,27,30,28,32,33,16,25,27,23,28,30,25,20,20,28,31,33,31,34,28,43,44,51,52,60,41,61,52,70,48,75,66,70,59,81,82,67,69,66,61,53,58,71,67,73,66,59,82,67,72,69,62,78,67,73,79,69,74,89,67,70,82,75,73,81,79,72,71,73,88,69,71,72,68,72,69,73,66,66,67,58,63,50,67,77,61,57,48,33,43,59,52,44,52,47,48,37,47,42,48,41,49,44,43,50,49,30,39,29,43,29,42,37,37,35,50,41,32,42,46,44,36,52,57,40,46,41,52,16,27,27,40,32,45,32,44,27,47,27,51,22,35,21,26,19,21,7,33,23,39,16,28,11,17,16,30,4,30,7,16,5,15,5,9,6,10,1,11,6,7,0,8,0,4,2,3,0,4,0,0,1,2,0,0,0,0,0,0,0,0,0,0,0,0,0,0,0,0,0,0,0,0,0,0,0,0,0,0,0,0,0,0,0,0,0,0,0,0,0,0
下高井戸一丁目,3293,4552,2171,2381,13,12,10,12,13,9,11,6,8,10,10,8,7,8,16,8,4,7,8,9,8,11,7,4,4,4,8,8,9,10,0,8,5,6,3,9,15,26,20,21,19,26,28,42,34,47,49,45,57,78,60,82,58,73,61,66,68,51,63,59,43,71,45,59,56,54,37,34,40,40,43,42,38,38,50,41,41,32,28,23,38,41,32,36,37,34,52,38,32,27,36,30,24,28,46,39,45,38,35,26,26,32,27,23,30,23,32,37,26,34,32,15,25,24,27,29,21,26,12,26,19,19,18,21,24,21,17,25,20,19,17,22,15,22,13,23,10,15,22,24,13,23,21,17,26,23,28,28,19,20,17,15,10,17,14,15,10,17,14,18,12,16,7,16,12,10,8,17,8,20,9,13,7,12,6,14,4,8,5,10,5,4,4,5,0,7,3,3,1,3,0,4,0,3,1,1,0,2,0,1,0,0,0,2,0,1,0,0,0,0,0,0,0,0,0,0,0,0,0,0,0,0,0,0,0,0,0,0,0,0,0,0,0,0,0,0,0,0,0,0,0,0,0,0
下高井戸二丁目,1946,2997,1457,1540,5,7,4,12,8,5,5,6,15,10,10,4,9,4,3,10,14,7,6,7,9,6,11,4,8,7,7,10,7,7,13,7,4,8,8,9,16,13,11,10,16,9,19,18,18,27,22,29,29,27,30,40,39,23,34,29,25,31,20,27,23,21,28,27,13,26,31,22,23,25,17,25,28,18,29,28,25,23,27,21,28,25,25,25,29,32,24,22,10,31,26,27,15,19,19,22,21,29,36,24,26,19,18,22,29,17,21,22,20,23,29,19,25,18,12,19,22,14,15,16,17,23,14,10,12,8,16,7,15,10,11,4,12,15,13,11,7,20,8,16,15,16,17,24,19,16,22,22,17,12,17,22,8,11,10,9,6,12,13,17,8,18,15,11,6,15,2,16,3,8,8,7,8,11,5,12,3,13,4,11,0,5,2,7,2,5,1,7,1,7,0,0,1,5,0,2,0,1,0,0,0,0,0,0,0,0,0,0,0,0,0,0,0,0,0,0,0,0,0,0,0,0,0,0,0,0,0,0,0,0,0,0,0,0,0,0,0,0,0,0,0,0,0,0
下高井戸三丁目,2118,3865,1886,1979,11,16,20,12,18,15,12,11,15,23,16,18,10,15,12,14,16,17,18,9,19,19,20,7,25,20,10,9,15,17,14,13,10,16,15,8,15,6,17,13,24,19,26,19,26,31,30,29,20,31,37,31,23,30,29,22,26,29,20,32,30,22,25,27,27,23,30,22,25,34,30,28,19,21,31,27,25,22,22,37,27,26,25,19,29,25,30,28,29,40,25,32,36,29,36,34,30,33,27,31,24,26,32,41,30,31,25,19,32,35,26,25,15,21,28,20,30,27,30,20,19,20,13,19,26,17,19,23,28,18,19,17,16,16,16,24,17,18,13,19,20,17,16,13,23,24,17,19,20,18,24,29,14,15,19,30,12,22,15,19,14,26,15,16,13,16,13,15,8,11,11,16,8,18,8,17,7,15,8,10,6,5,1,11,3,8,3,4,2,9,1,1,0,3,0,3,0,0,0,1,0,0,0,1,0,0,0,0,0,0,0,0,0,0,0,0,0,0,0,0,0,0,0,0,0,0,0,0,0,0,0,0,0,0,0,0,0,0,0,0,0,0,0,0
下高井戸四丁目,3060,5564,2717,2847,17,16,14,16,21,16,23,22,26,18,24,18,15,19,23,18,29,21,19,21,24,14,18,11,21,21,24,16,19,22,13,13,13,17,21,15,30,23,35,33,37,51,60,49,24,40,34,41,52,57,57,47,44,44,40,34,47,45,42,40,47,32,37,39,40,30,29,40,33,35,37,39,43,31,33,44,45,46,40,36,30,42,44,38,37,38,39,43,34,41,51,38,34,47,25,41,39,44,51,42,44,45,42,36,36,39,34,44,47,37,32,47,35,46,42,37,38,28,41,41,27,38,30,26,37,29,35,24,36,35,20,33,27,26,39,24,27,33,19,20,24,31,24,26,34,37,38,38,37,41,27,33,20,15,17,18,15,23,19,27,12,20,13,25,15,16,9,13,10,15,9,19,11,18,15,23,6,19,10,15,5,15,7,9,5,14,4,14,3,8,1,7,4,7,1,2,0,3,0,3,0,0,0,0,0,1,0,0,0,0,0,0,0,0,0,0,0,0,0,0,0,0,0,0,0,0,0,0,0,0,0,0,0,0,0,0,0,0,0,0,0,0,0,0
下高井戸五丁目,1660,3076,1475,1601,11,7,8,12,11,12,5,9,15,10,7,12,11,10,13,9,9,9,9,13,9,7,10,9,10,5,13,8,12,10,18,10,7,16,22,12,12,13,11,12,19,17,24,19,18,16,18,16,27,29,19,24,22,31,20,25,26,25,16,17,25,15,16,18,22,15,22,24,19,30,15,27,17,17,14,14,21,18,27,16,21,22,16,16,17,19,22,26,22,22,16,18,24,30,21,17,18,25,23,28,31,23,20,19,21,27,33,26,27,19,17,25,24,25,27,28,20,23,17,23,22,28,21,17,17,18,14,23,18,17,17,15,16,11,15,19,15,10,14,13,12,10,10,13,18,16,14,19,21,23,17,28,9,12,15,19,12,17,15,12,14,15,9,11,5,14,8,13,8,13,13,14,9,21,5,11,4,14,5,8,5,7,3,11,1,8,4,2,2,6,0,8,1,2,0,1,0,2,0,0,0,0,0,0,0,1,0,0,0,0,0,0,0,0,0,0,0,0,0,0,0,0,0,0,0,0,0,0,0,0,0,0,0,0,0,0,0,0,0,0,0,0,0,0
永福一丁目,1895,3249,1572,1677,12,15,7,15,10,9,14,11,6,15,15,11,13,10,8,13,9,10,11,7,13,7,6,11,8,7,16,12,8,8,14,12,13,10,11,2,12,16,32,20,47,33,33,37,32,35,29,26,35,28,20,30,40,26,17,27,25,31,21,25,32,26,25,23,15,20,20,25,32,25,19,25,28,30,21,20,24,34,22,26,21,18,28,23,22,15,33,24,22,21,22,26,31,36,29,30,22,27,28,26,21,18,27,31,21,22,17,26,25,22,20,26,24,14,17,25,16,15,20,17,17,11,15,20,16,17,14,10,11,12,8,11,19,21,16,18,14,19,14,14,18,8,11,14,15,10,16,20,16,20,11,24,4,12,7,15,9,15,12,8,9,13,6,12,7,7,5,17,5,9,3,11,4,10,6,9,4,7,6,9,1,4,5,9,3,9,2,6,2,3,0,3,0,4,0,0,0,1,0,0,0,0,0,0,0,0,0,0,0,0,0,0,0,0,0,0,0,0,0,0,0,0,0,0,0,0,0,0,0,0,0,0,0,0,0,0,0,0,0,0,0,0,0,0
永福二丁目,2457,4770,2222,2548,21,12,9,29,17,15,20,27,28,27,22,24,16,23,20,22,18,15,16,21,21,24,22,19,21,23,18,25,19,17,19,21,19,20,18,8,20,18,23,29,24,27,21,29,27,33,33,35,24,49,33,42,39,43,36,49,35,48,38,49,37,33,30,31,31,27,32,31,35,39,38,32,27,38,30,29,28,39,37,37,40,36,25,40,34,30,37,30,36,40,28,32,34,35,37,45,38,39,30,44,36,32,28,45,30,36,36,41,30,27,30,28,23,28,26,29,35,31,18,30,32,24,26,24,27,23,19,27,29,17,14,26,20,21,22,23,19,26,22,31,26,33,20,18,30,38,30,31,21,26,21,30,18,19,10,25,16,15,21,25,12,11,12,18,12,15,15,11,11,10,4,9,13,17,9,13,5,14,2,7,8,8,5,7,2,11,4,9,3,6,1,6,2,5,5,5,0,2,0,3,0,0,0,0,1,1,0,1,0,0,0,0,0,0,0,0,0,0,0,0,0,0,0,0,0,0,0,0,0,0,0,0,0,0,0,0,0,0,0,0,0,0,0,0
永福三丁目,2386,4091,1922,2169,15,9,13,7,9,6,8,13,7,18,9,5,7,9,15,12,14,13,12,9,16,12,14,12,9,8,20,12,11,14,11,9,15,10,8,14,13,11,16,20,25,23,23,25,27,32,37,44,24,45,34,44,38,35,38,45,24,23,30,33,23,33,30,27,28,25,31,32,21,26,30,24,19,29,30,23,25,27,18,29,26,25,19,26,18,26,19,33,25,29,32,29,30,26,32,36,38,39,32,28,27,29,36,35,33,32,23,27,38,33,33,33,21,29,34,36,26,38,25,31,19,30,16,23,30,37,20,20,28,17,16,25,22,22,28,16,23,12,14,23,18,25,18,24,28,14,24,41,19,33,34,35,13,16,16,18,10,24,22,18,15,20,11,26,15,17,13,14,10,20,12,11,11,17,9,17,6,14,12,7,7,14,2,10,4,11,6,3,0,8,4,4,0,4,1,8,1,3,1,0,0,0,0,0,0,0,0,0,0,1,0,0,0,0,0,0,0,0,0,0,0,0,0,0,0,0,0,0,0,0,0,0,0,0,0,0,0,0,0,0,0,0,0,0
永福四丁目,2143,3672,1720,1952,17,13,16,14,20,7,24,14,13,16,15,19,8,20,10,10,7,22,11,6,12,6,11,14,9,8,9,8,6,8,19,8,11,15,7,4,14,12,26,14,20,18,15,18,23,24,29,31,34,39,30,36,26,37,34,52,27,42,33,38,25,32,46,30,21,30,21,23,30,38,30,40,26,20,31,26,32,38,23,29,28,29,23,20,26,30,22,26,24,25,24,28,31,19,22,23,20,34,26,38,37,34,21,38,24,26,30,27,23,19,19,21,28,16,17,30,28,21,23,27,21,26,22,25,18,22,15,17,9,23,16,20,17,11,14,17,12,14,17,17,9,17,15,17,19,22,21,16,19,18,17,28,12,9,12,13,13,16,8,23,10,19,16,13,8,11,9,10,5,9,5,12,10,13,7,17,7,11,1,12,2,4,4,6,2,8,2,6,2,7,3,4,1,7,1,2,0,0,0,0,1,0,1,0,0,0,0,0,0,0,0,0,0,0,0,0,0,0,0,0,0,0,0,0,0,0,0,0,0,0,0,0,0,0,0,0,0,0,0,0,0,0,0,0
浜田山一丁目,2033,3945,1812,2133,6,7,9,13,18,14,14,19,12,6,14,13,15,18,14,12,12,9,12,14,18,10,11,6,17,11,16,13,15,13,12,20,15,12,9,15,19,23,15,18,18,26,29,19,26,22,23,33,18,28,17,32,23,41,15,21,20,26,22,24,10,32,30,24,13,17,23,24,18,22,21,25,19,31,26,28,26,18,18,33,30,22,18,19,13,33,30,30,21,32,21,15,18,25,24,21,27,46,27,39,38,38,38,36,27,32,30,37,33,34,44,38,21,25,26,34,23,26,24,28,29,38,21,32,25,26,30,28,21,36,31,30,32,27,29,24,22,27,26,22,28,26,23,22,19,22,24,24,25,34,26,31,12,10,9,27,25,19,19,12,16,26,11,15,15,18,10,17,9,22,9,10,5,9,6,10,6,15,2,7,6,11,4,8,5,7,4,10,1,6,1,9,1,4,0,0,2,1,1,1,1,3,0,3,0,2,0,0,0,0,0,0,0,0,0,0,0,0,0,0,0,0,0,0,0,0,0,0,0,0,0,0,0,0,0,0,0,0,0,0,0,0,0,0
浜田山二丁目,1357,2549,1185,1364,7,3,9,4,7,4,8,9,14,6,6,8,11,10,9,9,9,7,8,5,8,11,9,9,17,7,6,4,10,15,11,10,13,18,12,5,14,14,13,15,9,14,22,12,19,19,19,18,17,18,13,11,11,17,9,23,13,35,16,20,8,18,9,11,10,11,9,15,11,14,11,15,10,18,16,14,16,19,16,11,17,14,12,15,11,22,17,9,12,14,14,15,12,14,13,17,24,16,30,31,15,25,11,24,25,30,28,30,25,20,24,27,19,23,22,16,20,16,22,22,16,19,15,11,13,26,9,15,18,13,17,13,13,13,9,20,15,12,11,14,6,13,12,14,8,16,18,18,19,16,9,17,6,8,11,17,12,17,10,10,7,13,12,17,12,13,7,14,16,10,5,9,8,8,4,14,8,6,3,6,5,8,4,6,1,6,1,3,3,4,1,7,0,4,2,3,0,2,0,0,0,0,0,2,0,0,1,1,0,0,0,0,0,0,0,0,0,0,0,0,0,0,0,0,0,0,0,0,0,0,0,0,0,0,0,0,0,0,0,0,0,0,0,0
浜田山三丁目,2390,4402,1968,2434,15,21,12,19,22,13,20,17,22,12,24,18,20,14,16,17,14,11,21,15,19,15,13,19,13,16,10,22,16,12,19,14,11,13,16,17,15,11,16,14,18,12,27,12,18,19,18,31,28,31,21,32,30,47,23,36,32,37,28,37,27,44,27,24,22,42,23,27,23,32,29,38,30,31,25,34,34,47,28,37,18,40,31,31,33,35,36,33,24,38,44,51,31,35,36,50,32,40,27,57,39,46,38,41,30,35,35,29,35,37,34,42,20,37,36,54,31,37,31,41,19,28,21,22,27,30,21,35,20,22,24,23,23,18,19,27,19,26,21,22,17,23,15,25,23,24,24,21,23,23,13,25,13,21,7,16,16,13,12,21,11,24,16,18,9,16,9,18,6,14,8,10,9,14,7,16,5,13,6,10,8,9,2,7,1,8,3,9,2,5,2,3,0,2,0,1,0,0,0,2,0,0,0,0,0,0,1,1,0,0,0,0,0,0,0,0,0,0,0,0,0,0,0,0,0,0,0,0,0,0,0,0,0,0,0,0,0,0,0,0,0,0,0,0
浜田山四丁目,2898,5797,2651,3146,16,20,23,17,23,24,26,24,27,22,25,24,29,33,22,29,24,18,29,36,26,28,29,25,27,27,23,25,31,25,26,26,23,23,21,21,24,20,28,27,28,26,30,34,26,41,32,34,30,44,24,50,26,40,27,37,31,43,33,44,25,34,29,28,41,33,26,41,26,40,35,37,19,35,38,37,39,39,43,50,44,49,38,46,41,55,39,49,39,39,41,44,42,44,55,55,40,57,46,64,58,60,39,68,46,39,36,47,50,56,54,48,27,40,64,41,30,45,36,41,45,43,37,45,27,26,38,46,40,29,28,25,24,32,18,27,22,21,18,19,23,36,35,34,20,42,34,29,30,25,34,42,19,23,21,26,20,34,19,24,14,26,15,35,11,12,6,18,9,20,12,21,8,16,14,14,9,12,6,11,5,10,5,17,4,12,3,13,2,7,0,8,1,5,0,4,0,3,0,1,0,3,0,1,0,1,0,0,0,0,0,0,0,0,0,0,0,0,0,0,0,0,0,0,0,0,0,0,0,0,0,0,0,0,0,0,0,0,0,0,0,0,0,0
和田一丁目,5351,8938,4241,4697,38,35,48,33,35,36,33,28,33,43,42,33,39,32,37,32,37,33,32,19,36,27,35,27,21,26,34,23,33,25,36,29,33,25,31,19,25,33,31,59,39,56,41,54,48,67,63,85,91,103,76,94,70,88,83,99,81,100,73,85,103,81,62,84,57,88,64,75,98,97,68,69,83,80,72,77,90,72,76,69,59,68,61,62,81,69,63,65,63,76,72,82,67,64,80,82,56,63,70,65,60,60,68,74,62,66,72,66,71,52,58,61,32,55,56,58,51,61,47,52,29,34,37,35,33,30,31,44,30,36,35,30,40,41,42,39,28,30,34,36,30,42,33,29,40,48,35,44,55,51,33,55,16,24,18,24,25,36,28,37,27,33,23,41,17,27,26,30,12,28,18,24,22,28,11,36,14,24,8,33,8,18,3,17,8,20,7,13,3,4,2,8,0,5,0,9,3,5,0,3,0,2,1,0,0,3,0,0,0,0,0,0,0,0,0,0,0,0,0,0,0,0,0,0,0,0,0,0,0,0,0,0,0,0,0,0,0,0,0,0,0,0,0,0
和田二丁目,2432,4194,2045,2149,15,15,21,15,20,18,19,14,18,10,17,21,17,16,24,21,15,13,25,15,20,18,15,20,16,21,11,16,15,11,14,17,12,15,12,10,11,11,18,14,13,19,18,18,22,24,17,35,32,30,28,44,31,31,27,39,29,30,37,35,25,20,24,25,32,29,32,28,32,20,22,39,29,39,37,18,26,29,41,22,37,37,36,35,21,27,33,21,32,30,36,27,44,31,34,20,20,25,33,36,29,37,29,35,34,35,28,31,31,24,26,26,18,16,29,28,32,31,26,35,28,31,31,9,21,22,15,16,16,25,21,23,23,17,22,19,27,14,25,21,16,28,20,20,22,20,20,29,23,21,21,19,17,21,12,20,18,16,20,18,16,15,18,19,8,23,8,18,4,20,14,19,15,23,10,24,6,20,5,22,5,15,7,11,3,11,6,6,3,5,0,6,0,4,0,2,0,1,0,3,1,0,1,1,0,0,0,0,0,0,0,0,0,0,0,0,0,0,0,0,0,0,0,0,0,0,0,0,0,0,0,0,0,0,0,0,0,0,0,0,0,0,0,0
和田三丁目,4032,6547,3186,3361,16,21,20,26,19,18,22,24,22,19,22,24,22,22,20,25,20,32,29,26,21,23,23,19,24,17,18,18,21,17,15,18,27,13,16,13,15,16,18,12,13,23,21,27,27,28,59,52,52,54,70,69,67,81,45,76,71,72,69,60,47,55,50,58,67,52,51,52,50,47,53,47,57,48,62,60,56,42,57,51,64,58,74,47,57,47,52,59,54,55,56,54,55,52,38,57,50,55,59,52,56,53,51,53,43,49,40,37,50,47,42,51,22,36,33,39,33,51,47,37,33,40,41,45,27,42,33,40,36,27,32,33,33,29,22,25,23,27,35,30,39,34,37,32,21,26,36,24,40,36,34,27,15,19,12,24,17,32,18,19,14,31,17,36,20,11,14,19,10,22,17,19,22,23,10,24,9,21,7,24,8,22,7,8,5,5,5,12,4,4,2,7,0,4,1,6,0,1,0,0,0,1,0,0,0,2,0,2,0,0,0,0,0,0,0,0,0,0,0,0,0,0,0,0,0,0,0,0,0,0,0,0,0,0,0,0,0,0,0,0,0,0,0,0
堀ノ内一丁目,2551,4332,2054,2278,14,15,17,11,14,12,10,13,13,16,16,21,23,16,15,20,18,15,9,17,14,21,14,12,19,15,19,19,15,18,21,7,12,13,18,11,11,16,12,18,10,18,16,21,17,21,22,31,24,36,41,34,23,43,44,44,43,40,31,34,27,35,41,34,24,28,28,33,32,41,31,42,42,36,31,37,32,26,32,35,35,42,30,27,37,22,38,43,41,47,39,49,39,28,39,49,31,42,39,47,28,35,35,41,33,32,39,35,32,35,36,32,26,24,30,30,31,22,28,22,15,20,19,14,24,27,21,19,14,16,18,17,21,21,13,17,21,23,22,21,16,18,27,24,13,19,24,27,27,20,23,26,10,14,9,18,13,19,10,26,15,19,16,19,9,17,4,10,11,13,13,18,9,19,6,10,8,11,8,10,1,7,7,9,1,5,1,7,1,4,1,7,0,5,0,0,2,1,0,1,0,0,0,0,0,0,0,0,0,0,0,0,0,0,0,1,0,0,0,0,0,0,0,0,0,0,0,0,0,0,0,0,0,0,0,0,0,0,0,0,0,0,0,0
堀ノ内二丁目,4032,7441,3668,3773,33,32,26,20,32,32,34,35,28,26,36,37,41,23,37,34,27,29,34,27,21,24,36,25,31,28,31,27,27,23,27,33,23,32,23,29,32,26,26,33,26,34,41,37,46,37,52,52,63,56,60,60,58,43,50,59,56,50,55,50,44,53,53,57,41,51,54,54,57,51,56,56,53,59,70,59,53,60,49,66,57,64,51,56,62,51,56,65,83,41,54,72,49,61,47,72,71,53,60,56,68,83,68,53,49,62,84,67,65,56,69,59,37,40,67,47,46,37,47,46,38,50,54,39,43,37,27,36,36,41,30,29,40,31,34,38,35,33,23,26,35,27,32,38,33,37,29,39,54,45,32,38,24,33,22,31,24,38,23,34,20,29,21,27,21,30,12,25,14,20,10,21,19,19,14,25,6,15,8,20,8,12,5,5,4,8,3,8,2,9,1,6,0,4,0,5,0,1,0,2,0,1,0,0,0,0,0,1,0,0,0,0,0,0,0,0,0,0,0,0,0,0,0,0,0,0,0,0,0,0,0,0,0,0,0,0,0,0,0,0,0,0,0,0
堀ノ内三丁目,4389,7102,3472,3630,18,23,19,11,15,22,18,13,17,17,29,18,23,23,16,18,33,23,17,19,21,18,24,18,18,21,24,19,25,12,31,18,18,14,24,22,21,16,22,22,28,43,32,34,40,58,67,62,87,58,88,70,72,65,69,79,75,72,43,55,66,81,56,54,60,51,60,45,66,57,43,61,38,48,61,43,43,46,65,55,45,54,60,44,61,35,48,57,57,57,57,52,57,40,45,55,55,46,42,55,50,46,60,51,52,53,45,43,51,47,49,45,40,43,55,35,31,37,41,48,39,33,34,37,40,44,36,31,30,31,40,25,28,31,32,34,30,27,37,41,36,35,26,39,37,29,48,59,44,45,32,52,14,24,20,38,29,45,28,48,32,47,31,39,22,40,16,25,16,36,15,20,11,41,17,27,14,23,14,22,9,19,1,24,3,14,8,14,3,8,4,12,2,2,0,8,0,6,1,4,0,2,0,1,0,0,0,0,0,1,0,0,0,0,0,0,0,0,0,0,0,0,0,0,0,0,0,0,0,0,0,0,0,0,0,0,0,0,0,0,0,0,0,0
松ノ木一丁目,811,1566,832,734,6,5,10,3,12,3,8,9,8,12,8,7,12,7,15,7,7,8,8,10,6,8,5,13,8,3,6,5,8,3,5,7,8,3,7,5,2,5,5,6,6,5,12,9,9,4,12,4,3,8,13,6,11,14,6,9,18,6,14,11,11,9,10,12,9,11,22,15,11,6,14,8,14,10,13,9,11,15,18,8,13,19,20,9,14,14,11,10,16,8,12,10,11,10,19,16,10,15,17,11,17,11,15,9,15,14,11,12,17,11,13,13,8,4,20,12,10,4,8,11,10,6,8,8,9,7,11,3,8,3,4,11,6,6,5,1,7,6,5,3,5,2,3,3,6,5,7,9,5,11,4,13,4,5,7,8,8,6,6,8,5,11,5,3,2,7,4,2,2,6,3,3,2,7,2,5,1,10,2,5,2,3,1,5,3,2,0,4,0,1,2,0,0,1,0,3,0,1,0,0,0,0,0,0,0,0,0,0,0,0,0,0,0,0,0,0,0,0,0,0,0,0,0,0,0,0,0,0,0,0,0,0,0,0,0,0,0,0,0,0,0,0,0,0
松ノ木二丁目,1491,2775,1344,1431,11,4,15,12,9,11,11,12,16,10,10,13,13,10,6,15,11,9,16,6,10,11,15,10,13,14,8,15,16,11,13,8,15,7,11,14,10,14,11,13,10,12,16,16,19,8,17,16,26,23,16,13,19,19,14,20,22,24,21,6,29,28,20,14,20,19,12,21,13,19,22,20,21,24,22,17,24,16,20,23,22,20,17,23,24,20,19,21,16,17,21,19,26,19,28,21,24,20,19,30,24,32,18,24,30,26,30,21,24,17,20,28,16,14,18,21,18,19,18,20,8,13,17,9,8,10,8,18,11,10,6,16,12,11,13,7,11,10,10,18,5,16,12,21,11,20,12,14,14,19,9,16,10,9,9,12,13,15,7,15,4,15,11,11,13,9,7,13,10,9,7,10,9,9,4,8,1,9,4,8,5,6,0,9,1,9,2,4,0,4,1,2,0,2,3,1,0,2,0,0,0,0,1,2,0,0,0,0,0,0,0,1,0,0,0,0,0,0,0,0,0,0,0,0,0,0,0,0,0,0,0,0,0,0,0,0,0,0,0,0,0,0,0,0
松ノ木三丁目,1855,3018,1472,1546,8,7,13,7,11,7,9,7,11,3,10,8,16,8,10,12,6,12,6,10,15,11,8,5,7,6,9,9,12,5,5,7,5,3,10,11,9,11,9,12,9,7,8,16,14,17,21,25,20,29,36,41,27,24,24,25,29,24,24,32,31,28,22,23,27,25,34,35,22,25,11,20,22,24,30,23,33,18,24,23,27,25,30,21,28,26,35,22,26,26,20,30,21,32,26,27,20,24,31,25,24,27,20,25,23,29,27,21,14,14,25,21,20,16,16,19,16,14,16,17,11,11,16,16,10,21,14,14,13,18,9,14,13,17,17,9,22,17,13,17,16,15,8,15,14,19,23,21,19,17,23,22,8,9,8,10,15,18,12,15,8,5,7,8,6,11,4,8,5,9,9,9,3,6,0,7,6,12,4,8,4,11,4,8,1,3,3,3,0,7,0,2,1,1,0,4,1,0,0,0,0,0,0,2,0,0,0,0,0,1,0,0,0,0,0,0,0,0,0,0,0,0,0,0,0,0,0,0,0,0,0,0,0,0,0,0,0,0,0,0,0,0,0,0
大宮一丁目,1210,2070,1023,1047,2,6,7,7,5,6,4,6,6,6,5,6,5,5,6,6,4,8,9,6,11,2,4,7,11,3,5,8,11,5,2,8,4,8,11,5,5,9,7,11,9,11,11,11,7,8,11,11,12,12,18,18,7,16,15,19,20,15,14,21,21,19,15,17,19,18,15,8,20,15,15,22,18,11,14,18,16,16,11,8,14,16,17,14,16,17,13,20,16,12,25,16,14,16,21,17,19,13,17,20,18,15,25,18,15,11,26,13,18,17,20,16,13,9,14,12,14,15,15,13,9,13,10,13,10,10,14,14,9,6,10,12,13,5,11,8,6,6,3,9,12,11,12,14,10,10,8,15,14,10,16,14,9,8,10,3,11,18,9,9,3,10,4,11,6,15,9,12,5,7,4,9,3,5,5,4,2,6,6,6,3,7,0,3,1,2,2,4,0,5,1,2,1,3,0,2,0,0,0,1,0,1,0,0,0,1,0,0,0,0,0,1,0,0,0,0,0,0,0,0,0,0,0,0,0,0,0,0,0,0,0,0,0,0,0,0,0,0,0,0,0,0,0,0
大宮二丁目,842,1516,688,828,3,2,14,7,5,7,4,5,3,5,5,6,7,6,6,5,9,6,8,2,2,3,4,9,3,2,2,4,6,9,2,4,4,3,1,9,3,8,11,7,9,9,5,2,14,14,6,9,11,10,14,9,9,9,8,9,12,13,12,17,11,9,12,7,7,10,5,5,7,12,11,9,5,6,8,14,6,14,13,7,11,14,11,14,13,16,11,9,12,7,9,11,9,12,8,7,8,12,9,13,2,14,7,22,7,9,14,12,18,12,12,11,4,12,15,16,13,10,8,5,3,7,14,13,9,8,9,13,7,11,10,10,3,7,7,8,3,8,6,10,5,7,11,6,5,7,9,11,10,11,14,9,5,6,5,5,4,6,7,12,11,11,5,11,4,6,3,6,6,10,3,10,1,5,3,8,1,7,3,6,3,6,2,6,3,3,2,4,2,1,0,3,2,2,0,3,0,2,0,0,0,1,0,0,0,0,0,0,0,0,0,1,0,0,0,0,0,0,0,0,0,0,0,0,0,0,0,0,0,0,0,0,0,0,0,0,0,0,0,0,0,0,0,0
梅里一丁目,2241,3263,1572,1691,13,12,7,6,4,8,4,2,7,14,8,6,11,7,4,6,4,5,5,7,1,9,7,7,12,6,4,4,7,9,5,6,4,6,7,5,5,1,7,10,7,9,16,15,20,25,24,35,27,41,39,37,40,31,37,48,36,28,34,24,32,40,30,27,23,21,24,28,38,38,27,29,27,25,30,25,25,22,36,27,34,21,30,37,41,19,32,19,29,23,25,24,26,30,23,28,25,14,22,25,19,17,27,36,14,33,12,18,26,20,23,14,17,21,23,26,22,18,30,26,17,24,15,18,19,18,12,12,11,16,16,19,12,9,17,16,13,9,13,13,19,13,18,17,19,20,18,21,13,19,19,25,12,10,8,12,13,26,13,19,8,23,10,9,9,12,4,13,6,10,5,19,6,11,2,13,4,12,7,9,2,4,4,11,3,7,4,4,3,5,0,3,0,1,0,3,0,1,0,0,0,3,0,1,0,1,0,0,0,0,0,0,0,0,0,0,0,0,0,0,0,0,0,0,0,0,0,0,0,0,0,0,0,0,0,0,0,0,0,0,0,0,0,0
梅里二丁目,3297,5097,2383,2714,15,10,11,18,24,14,18,16,18,15,12,12,16,11,16,12,9,17,6,15,12,15,8,8,11,12,12,15,9,7,11,15,11,3,12,9,10,22,11,12,19,11,15,30,30,37,31,37,37,44,45,55,41,63,49,62,43,67,46,52,45,59,46,61,44,34,46,40,36,40,37,44,38,44,35,29,43,36,41,41,44,40,41,37,40,39,44,42,43,48,55,40,42,47,42,37,45,46,49,36,38,53,45,35,39,40,44,46,32,36,29,34,31,27,33,42,30,33,29,46,34,36,25,26,22,23,18,24,24,32,17,22,23,16,22,21,21,18,20,15,18,36,22,31,26,32,31,26,26,34,31,29,16,19,18,17,24,22,12,34,16,20,17,15,7,22,8,18,11,21,11,25,4,16,8,15,4,12,9,18,7,8,4,18,4,9,3,7,3,10,1,7,1,3,0,4,0,0,1,1,0,1,0,1,0,1,0,0,0,1,0,0,0,0,0,0,0,0,0,0,0,0,0,0,0,0,0,0,0,0,0,0,0,0,0,0,0,0,0,0,0,0,0,0
高円寺南一丁目,4397,6380,3188,3192,13,14,21,17,19,14,21,12,8,15,24,16,13,16,16,10,17,14,19,18,12,15,12,10,16,4,13,17,15,16,9,11,16,15,12,9,18,12,18,16,24,22,34,38,40,58,60,48,65,71,93,93,76,85,88,87,72,73,93,70,73,63,67,60,61,54,68,55,55,58,63,51,65,61,54,52,62,59,59,60,55,44,66,39,50,54,62,50,53,44,74,48,61,38,51,55,52,48,47,42,61,53,45,60,39,48,53,43,38,48,40,36,33,28,34,36,39,41,38,41,31,27,31,37,26,22,26,29,33,25,21,32,26,26,34,24,11,26,26,24,25,25,23,33,20,31,32,39,21,31,28,28,11,25,17,22,18,24,20,35,18,23,15,27,11,25,10,8,10,21,11,23,9,18,11,9,12,14,5,16,7,16,2,12,4,9,1,5,4,6,1,3,0,2,0,3,1,2,1,0,0,0,0,0,0,0,0,0,0,0,0,0,0,0,0,0,0,0,0,0,0,0,0,0,0,0,0,0,0,0,0,0,0,0,0,0,0,0,0,0,0,0,0,0
高円寺南二丁目,4890,6914,3369,3545,18,21,17,26,17,12,15,20,15,14,16,13,10,10,10,19,9,12,10,11,11,14,6,15,10,6,10,13,7,11,13,18,6,8,8,9,10,17,21,17,22,27,24,39,38,52,53,86,59,68,96,101,76,93,108,89,83,98,86,86,89,91,92,83,68,70,68,63,58,61,80,65,87,57,76,59,88,67,88,55,66,66,58,50,56,64,60,43,46,49,58,57,55,53,58,72,58,59,52,57,62,59,52,47,58,54,44,49,64,45,45,41,37,41,41,46,35,41,40,33,35,31,32,29,24,22,24,22,28,25,31,21,18,25,22,29,24,20,19,21,21,24,29,22,40,34,28,34,28,50,31,36,11,27,16,22,20,15,25,25,25,33,16,33,14,21,12,23,8,27,9,14,13,19,15,22,4,24,4,9,2,11,4,12,4,6,1,7,4,7,1,1,0,4,2,7,2,4,0,1,0,2,0,0,0,1,0,0,0,0,0,0,0,0,0,0,0,1,0,0,0,0,0,0,0,0,0,0,0,0,0,0,0,0,0,0,0,0,0,0,0,0,0,0
高円寺南三丁目,5036,7430,3790,3640,26,14,25,12,27,10,23,18,14,18,11,20,19,16,11,28,16,18,21,13,23,16,13,21,13,18,15,18,12,18,21,15,18,17,13,19,20,22,25,18,32,16,31,32,45,46,76,53,63,71,86,92,89,74,77,77,81,90,89,68,107,69,82,78,99,62,78,47,68,73,78,58,75,63,73,79,73,65,68,50,69,68,78,56,71,53,69,59,69,63,78,49,58,66,59,68,75,57,50,48,66,57,43,54,62,67,64,59,47,45,46,44,41,34,55,42,52,45,45,24,31,39,41,32,43,39,40,25,34,41,31,30,26,24,30,32,27,38,38,23,18,35,27,32,34,34,31,37,32,38,36,36,18,31,15,27,25,28,19,34,14,41,22,24,20,28,17,30,15,25,13,19,13,24,9,15,9,15,8,15,3,16,5,13,6,8,4,9,1,5,0,8,0,5,0,9,0,2,0,3,1,0,1,0,0,0,0,0,0,0,0,1,0,0,0,0,0,0,0,0,0,0,0,0,0,0,0,0,0,0,0,0,0,0,0,0,0,0,0,0,0,0,0,0
高円寺南四丁目,2967,4174,2088,2086,12,9,10,8,13,12,9,9,9,9,13,14,8,9,8,13,11,7,4,9,7,7,5,6,11,7,6,4,6,6,5,8,3,4,5,8,11,7,11,9,11,14,14,29,29,24,23,30,40,33,49,54,61,46,48,59,50,38,50,39,47,47,45,37,31,29,41,48,37,32,39,40,45,41,39,35,37,30,56,53,40,36,34,34,43,42,50,41,41,41,51,30,43,40,43,45,34,44,34,23,39,39,40,33,33,26,27,24,33,32,34,20,28,20,33,30,29,25,23,20,20,19,23,18,18,22,23,18,19,20,15,15,14,21,19,20,15,10,10,12,24,10,20,22,21,19,9,20,21,18,17,32,12,10,11,11,14,15,7,17,11,15,7,13,7,16,6,13,6,12,6,9,3,16,6,11,2,12,5,6,3,7,1,7,1,6,0,5,1,2,0,4,0,3,0,7,0,2,0,2,0,0,0,1,0,0,0,0,0,0,0,0,0,0,0,0,0,0,0,0,0,0,0,0,0,0,0,0,0,0,0,0,0,0,0,0,0,0,0,0,0,0,0,0
高円寺南五丁目,4107,6482,3372,3110,16,15,21,15,18,21,15,22,31,21,21,20,20,18,31,32,18,17,14,11,20,26,18,28,11,11,18,12,17,20,15,24,12,16,17,20,18,17,25,23,37,30,48,28,44,43,50,38,61,57,82,63,68,72,77,60,81,71,75,58,83,62,76,64,89,45,74,50,56,50,50,45,71,48,65,47,55,44,56,61,62,52,59,52,62,40,75,48,57,49,59,53,54,56,57,49,58,47,60,51,49,44,52,36,49,49,42,41,46,45,62,57,41,43,51,45,49,33,33,31,40,30,40,31,35,34,23,23,32,18,14,22,37,24,26,18,20,32,26,23,19,27,22,12,20,28,18,25,33,38,26,25,15,15,11,22,18,19,14,30,24,27,14,19,11,15,12,29,8,28,9,27,10,24,13,14,4,12,8,15,6,11,2,9,2,11,2,4,4,5,0,7,0,2,1,4,1,2,0,2,1,1,0,0,0,0,0,0,0,0,0,0,0,0,0,0,0,0,0,0,0,0,0,0,0,0,0,0,0,0,0,0,0,0,0,0,0,0,0,0,0,0,0,0
高円寺北一丁目,1573,2493,1307,1186,3,4,7,5,8,5,5,4,6,4,8,9,10,12,10,8,12,4,11,5,8,7,4,13,13,4,8,9,5,8,9,4,11,5,11,8,7,6,9,7,10,11,19,19,21,19,20,22,23,18,21,21,24,24,24,20,29,16,33,17,23,16,27,24,23,21,20,11,32,18,27,14,19,8,17,21,28,18,21,22,29,25,16,13,17,25,24,14,20,21,22,17,20,19,20,20,25,13,33,17,30,13,10,18,20,17,12,21,17,14,18,24,12,8,21,14,25,17,12,15,17,16,14,13,13,7,20,5,9,9,14,10,5,14,11,7,6,16,8,9,10,5,9,7,14,17,15,14,11,11,10,15,11,9,8,6,8,8,5,13,10,14,5,6,10,12,5,9,5,6,7,13,1,12,4,8,1,10,7,7,2,4,2,9,0,5,1,3,0,5,0,4,0,3,0,3,0,0,0,0,0,3,0,2,0,0,0,0,0,1,0,0,0,0,0,0,0,0,0,0,0,0,0,0,0,0,0,0,0,0,0,0,0,0,0,0,0,0,0,0,0,0,0,0
高円寺北二丁目,3100,4255,2219,2036,8,12,11,10,7,6,12,8,12,7,13,7,10,6,12,8,8,6,5,10,8,5,9,6,6,7,7,1,9,10,4,9,12,6,8,3,6,8,15,8,23,19,17,15,37,27,36,33,42,59,65,55,47,59,67,51,61,51,56,46,59,43,43,41,55,37,39,35,50,34,41,27,39,36,34,41,56,39,59,42,43,26,52,26,45,39,41,33,28,33,39,28,35,36,42,36,42,42,43,36,42,45,41,39,34,37,38,33,25,21,36,26,22,13,23,25,34,24,20,13,15,15,17,19,19,20,29,21,9,12,17,10,17,16,13,17,13,15,14,8,14,11,13,18,10,19,20,23,8,24,16,27,9,13,15,15,13,16,16,10,9,16,10,19,10,17,7,7,7,8,9,9,5,15,9,10,5,7,4,11,2,5,4,3,1,11,1,5,4,4,0,4,1,4,1,4,0,2,0,1,0,0,0,0,0,1,0,0,0,0,0,0,0,0,0,0,0,0,0,0,0,0,0,0,0,0,0,0,0,0,0,0,0,0,0,0,0,0,0,0,0,0,0,0
高円寺北三丁目,3898,5614,2938,2676,13,12,20,18,18,13,10,12,15,21,17,15,22,14,26,8,13,15,15,12,9,13,10,12,15,9,11,16,8,9,15,9,8,17,11,12,10,12,23,17,15,18,40,28,39,42,34,45,75,63,68,69,72,61,63,61,79,62,72,63,67,50,57,47,62,50,52,49,56,55,55,29,43,49,71,57,74,61,64,49,53,43,49,47,63,48,57,51,45,35,60,29,52,50,52,39,49,45,52,54,48,36,52,45,48,42,41,24,42,26,30,24,29,30,34,26,31,20,41,23,27,23,24,22,23,19,29,27,19,16,17,19,23,18,23,22,17,17,13,19,22,25,25,18,24,27,16,28,30,30,27,22,19,16,16,16,22,24,16,26,19,22,16,24,15,19,7,11,6,23,7,20,14,7,10,18,10,12,10,16,3,11,5,7,2,8,2,5,2,3,2,7,1,6,0,4,0,2,0,3,0,1,0,1,0,1,0,0,0,0,0,0,0,0,0,0,0,0,0,0,0,0,0,0,0,0,0,0,0,0,0,0,0,0,0,0,0,0,0,0,0,0,0,0
高円寺北四丁目,2273,3506,1753,1753,16,13,8,10,10,12,6,5,9,9,10,10,6,6,7,10,11,12,12,15,10,12,5,9,14,10,5,6,8,16,12,6,11,5,10,6,7,10,10,7,5,20,19,21,17,22,37,22,51,33,35,36,35,28,38,38,28,44,38,34,40,24,35,33,26,19,32,32,36,32,34,30,27,27,32,26,29,25,34,21,23,23,36,26,27,33,41,29,42,33,19,35,40,38,21,19,37,25,31,17,26,28,28,25,31,19,33,34,26,26,26,20,15,17,23,28,24,17,19,24,22,13,13,17,13,11,18,16,26,17,12,14,11,9,17,12,9,16,7,14,12,13,21,20,17,18,19,24,21,22,16,26,7,10,9,14,10,19,11,13,12,11,6,13,8,15,7,11,7,13,4,12,7,13,7,9,6,13,1,11,3,5,0,4,4,6,2,13,1,2,1,2,0,1,0,4,2,0,0,2,1,2,0,1,0,0,0,0,0,0,0,0,0,0,0,0,0,0,0,0,0,0,0,0,0,0,0,0,0,0,0,0,0,0,0,0,0,0,0,0,0,0,0,0
阿佐谷南一丁目,4812,7751,3757,3994,25,26,18,18,27,21,27,25,18,26,32,18,23,12,35,18,20,20,26,21,18,16,24,15,17,28,24,20,22,18,16,19,14,14,20,18,18,27,19,9,22,24,33,22,32,35,39,53,48,49,55,66,59,78,75,91,71,80,72,89,86,64,71,68,69,64,53,73,60,70,76,55,61,70,57,59,77,73,54,54,60,61,67,68,82,66,59,59,80,65,56,63,63,72,59,63,68,70,58,79,72,56,59,60,67,63,60,66,61,61,54,55,51,50,65,55,48,55,45,46,49,50,35,32,50,39,46,57,46,50,38,32,34,37,37,43,29,31,33,34,36,30,28,42,35,50,28,42,36,34,48,52,24,28,32,20,29,37,21,30,22,35,27,31,20,31,15,37,15,24,16,36,17,29,11,17,12,30,8,16,5,16,3,16,2,7,5,8,7,10,5,4,1,6,2,5,1,3,0,2,1,0,1,0,0,1,0,1,0,0,0,0,0,0,0,0,0,0,0,0,0,0,0,0,0,0,0,0,0,0,0,0,0,0,0,0,0,0,0,0,0,0,0,0
阿佐谷南二丁目,2468,3593,1790,1803,9,11,8,9,6,7,5,9,5,9,8,9,7,7,6,6,5,7,10,7,9,6,6,6,10,10,8,8,10,5,6,9,11,8,9,6,6,8,18,11,12,12,19,15,26,23,23,33,33,41,34,41,45,46,39,43,46,40,48,42,33,40,38,44,34,38,30,33,54,41,31,37,30,34,39,34,36,34,37,23,34,33,45,34,26,24,29,25,21,22,29,27,28,25,31,23,32,35,34,26,26,31,27,23,24,27,29,26,32,16,20,22,23,20,26,22,20,22,19,15,19,15,19,19,20,15,19,18,16,18,17,13,8,12,22,17,12,15,16,22,12,21,18,15,18,13,25,16,16,15,13,24,11,13,8,13,10,13,6,12,8,14,7,12,8,13,5,8,6,8,8,11,8,8,7,7,2,6,5,6,0,3,4,4,5,2,1,10,3,6,0,5,3,3,1,2,0,1,0,1,0,1,0,2,0,0,0,0,0,0,0,1,0,0,0,0,0,0,0,0,0,0,0,0,0,0,0,0,0,0,0,0,0,0,0,0,0,0,0,0,0,0,0,0
阿佐谷南三丁目,5002,7687,3636,4051,27,23,21,29,25,23,26,31,38,24,23,18,26,23,25,26,22,22,21,13,25,22,22,16,18,26,20,12,19,22,10,17,9,12,12,14,18,21,18,28,19,26,24,27,35,40,56,63,53,74,59,69,76,75,72,94,69,78,61,84,84,74,80,75,68,72,73,75,61,70,56,69,64,66,79,79,80,66,83,62,56,73,83,70,60,68,68,73,73,79,60,64,60,70,70,69,69,70,67,66,53,59,71,70,42,68,69,53,54,59,60,61,37,45,53,59,44,42,48,48,48,45,42,42,35,42,30,39,22,32,32,34,32,23,20,32,30,50,21,21,29,32,26,31,33,38,34,39,40,47,25,50,21,29,20,26,23,33,23,27,20,34,17,23,21,22,8,25,20,28,6,20,14,19,11,26,15,15,6,20,12,15,7,9,6,14,6,11,3,11,2,6,1,7,0,4,1,2,0,2,0,0,0,0,0,0,0,0,0,0,0,0,0,0,0,0,0,0,0,0,0,0,0,0,0,0,0,0,0,0,0,0,0,0,0,0,0,0,0,0,0,0,0,0
阿佐谷北一丁目,2967,4595,2191,2404,10,15,16,16,8,14,17,15,6,16,10,9,3,14,10,19,15,9,6,8,8,14,6,15,10,11,14,8,11,15,9,10,11,11,7,7,20,12,15,14,9,15,13,26,24,23,22,32,28,39,44,38,47,43,41,46,36,43,36,46,27,34,48,44,37,48,46,33,50,44,54,39,37,39,44,43,47,28,36,38,30,37,42,26,29,39,46,52,41,38,28,30,40,47,39,32,44,47,44,42,32,34,37,46,44,31,31,43,38,38,42,36,25,35,36,32,39,28,24,30,22,22,31,26,20,19,19,20,22,15,16,11,19,20,15,21,19,22,14,27,13,23,22,27,22,20,33,28,25,30,27,32,10,15,19,15,10,16,20,20,11,23,22,21,10,22,14,16,13,16,8,16,11,16,6,14,7,11,7,11,3,12,2,14,3,12,1,3,5,3,0,9,0,4,0,4,0,4,1,4,0,1,0,0,0,0,0,3,0,0,0,0,0,0,0,0,0,0,0,0,0,0,0,0,0,0,0,0,0,0,0,0,0,0,0,0,0,0,0,0,0,0,0,0
阿佐谷北二丁目,2858,4398,2109,2289,13,13,14,17,13,10,7,13,14,9,14,8,7,10,10,10,14,10,16,6,9,16,14,9,10,9,11,7,6,4,11,9,10,7,8,12,15,8,17,11,17,24,15,18,29,28,30,35,34,33,38,44,37,45,41,46,33,39,43,34,29,42,40,43,27,48,33,47,37,47,55,37,33,46,53,37,42,32,34,53,40,46,35,41,36,34,38,37,32,35,46,34,41,39,30,26,34,38,40,34,24,27,31,42,37,31,30,35,33,32,43,42,29,27,38,26,33,38,32,32,27,19,29,16,26,28,11,22,17,13,13,25,16,18,20,20,15,26,36,16,16,23,16,21,16,30,24,24,21,35,23,24,6,11,18,22,20,23,21,6,9,17,16,11,9,19,6,13,4,13,10,16,6,10,0,17,4,12,5,12,3,8,3,14,3,8,2,6,1,7,1,2,0,1,1,3,0,2,0,1,0,1,0,1,0,0,0,1,0,0,0,0,0,0,0,0,0,0,0,0,0,0,0,0,0,0,0,0,0,0,0,0,0,0,0,0,0,0,0,0,0,0,0,0
阿佐谷北三丁目,2409,3987,1916,2071,12,17,8,11,9,14,9,7,12,12,11,12,19,20,16,11,12,11,14,18,21,11,16,15,16,16,10,7,20,13,12,13,14,13,11,11,17,13,13,6,10,12,19,16,21,17,26,28,18,25,38,21,27,29,22,27,25,32,33,27,26,37,25,19,26,28,20,30,24,28,29,26,31,29,24,25,41,27,27,35,29,34,32,28,31,27,34,33,43,34,25,36,36,44,41,27,42,33,32,31,45,32,30,33,38,30,26,30,34,23,22,31,24,19,30,29,26,18,22,26,25,27,20,16,23,21,18,16,23,31,14,16,18,20,14,14,24,25,11,21,21,26,16,15,18,30,26,33,25,29,21,31,9,17,16,18,16,22,12,24,16,19,19,30,6,26,13,17,13,22,12,13,4,23,6,12,6,24,8,11,5,9,2,11,4,12,5,5,0,3,0,6,0,3,0,4,1,1,0,0,0,0,0,0,0,0,0,0,0,0,0,0,0,0,0,0,0,0,0,1,0,0,0,0,0,0,0,0,0,0,0,0,0,0,0,0,0,0,0,0,0,0,0,0
阿佐谷北四丁目,2500,4146,2012,2134,14,18,21,18,14,16,13,6,16,24,14,9,7,7,13,13,11,5,19,10,13,11,13,12,12,10,13,16,16,7,7,21,21,9,6,11,20,13,11,16,14,14,14,20,22,22,23,30,22,29,35,26,28,35,38,31,40,37,32,35,31,33,34,42,29,46,32,34,33,35,37,27,33,28,44,36,24,25,27,37,34,42,29,30,40,34,41,33,35,25,36,32,41,44,40,38,29,24,42,38,33,41,31,42,37,39,39,31,33,27,32,25,20,26,35,29,34,33,23,25,21,24,14,18,21,20,19,22,24,21,25,18,16,26,18,13,25,21,21,24,9,16,12,20,17,22,24,21,22,23,17,26,16,17,13,15,14,27,15,24,16,15,11,12,10,13,4,11,7,19,7,13,10,10,9,13,2,12,5,17,5,12,3,5,3,2,3,11,2,6,0,2,1,4,1,5,0,1,0,0,0,0,0,1,0,0,0,0,0,0,0,0,0,0,0,0,0,0,0,0,0,0,0,0,0,0,0,0,0,0,0,0,0,0,0,0,0,0,0,0,0,0,0,0
阿佐谷北五丁目,2191,3878,1892,1986,9,15,13,7,13,13,14,10,8,10,14,18,18,14,15,14,22,18,12,10,19,16,17,24,14,15,18,8,16,11,11,7,18,11,14,12,12,12,21,14,14,16,17,13,24,22,29,28,19,25,27,32,20,40,29,41,39,29,28,36,26,25,20,29,27,33,34,31,31,28,36,26,37,30,24,26,37,38,25,27,37,33,37,23,25,42,33,23,27,35,24,30,33,33,28,35,39,37,32,30,25,21,31,34,26,29,28,33,30,24,28,31,30,17,31,19,27,27,21,29,26,22,20,11,15,21,19,24,23,12,21,20,13,25,19,22,19,13,17,15,10,11,15,17,18,29,22,19,21,26,21,29,15,19,14,21,19,15,16,20,18,14,13,10,10,21,7,7,3,9,7,11,7,14,6,16,6,7,6,14,1,11,3,2,3,8,2,8,2,10,0,2,0,2,1,4,1,1,0,1,0,2,0,0,0,2,0,0,0,0,0,0,0,0,0,0,0,0,0,0,0,0,0,0,0,0,0,0,0,0,0,0,0,0,0,0,0,0,0,0,0,0,0,0
阿佐谷北六丁目,1829,3425,1680,1745,6,9,8,9,15,9,13,9,10,16,12,11,20,16,11,14,12,17,20,12,11,17,17,10,18,15,18,15,16,10,11,9,9,15,15,8,12,19,16,19,16,20,11,21,22,27,19,11,29,23,19,24,17,23,19,25,24,20,22,22,25,35,25,23,28,29,17,22,21,24,18,24,23,25,20,24,27,22,35,18,21,22,21,27,24,24,29,33,27,31,38,25,25,26,25,25,28,28,37,31,37,24,39,31,22,33,35,22,24,30,23,27,19,22,21,19,29,18,25,21,22,18,14,20,16,21,21,19,20,11,19,14,19,11,14,10,16,12,10,12,10,11,8,12,12,14,19,22,20,34,18,21,15,12,15,20,15,21,8,23,11,17,17,18,10,7,8,13,12,13,9,13,9,9,8,10,1,13,11,12,4,8,2,12,3,4,1,6,2,2,3,2,0,2,0,3,2,2,0,0,0,1,0,0,0,0,0,0,0,0,0,0,0,0,0,0,0,0,0,0,0,0,0,0,0,0,0,0,0,0,0,0,0,0,0,0,0,0,0,0,0,0,0,0
天沼一丁目,2459,4037,2114,1923,13,14,16,12,11,13,9,3,9,16,9,10,13,10,8,11,17,12,7,16,17,14,9,10,18,19,12,12,12,14,12,13,11,16,16,6,22,13,7,8,18,18,21,21,30,29,37,26,35,31,43,37,38,47,41,39,47,35,39,26,46,29,51,34,35,30,28,28,38,25,37,40,35,31,39,23,35,32,27,19,31,28,31,19,33,22,39,36,24,30,31,18,38,34,28,30,46,30,43,35,31,23,40,31,37,28,35,31,31,24,31,32,31,32,23,22,26,24,35,18,32,20,19,27,25,19,21,19,13,21,28,14,11,15,18,17,20,18,20,12,24,13,21,14,15,21,20,25,28,19,17,28,12,9,18,12,15,20,11,7,16,21,10,6,9,16,9,12,3,16,9,8,9,15,6,18,3,11,3,2,1,10,4,11,4,7,3,12,3,7,1,2,1,1,0,1,0,2,0,2,0,2,0,0,0,1,0,0,0,1,0,0,0,0,0,0,0,0,0,0,0,0,0,0,0,0,0,0,0,0,0,0,0,0,0,0,0,0,0,0,0,0,0,0
天沼二丁目,3065,5217,2563,2654,15,14,16,14,14,16,13,15,14,18,20,22,24,15,23,23,21,15,21,18,15,16,12,12,21,15,22,13,9,24,14,14,18,26,17,16,11,11,10,13,15,17,12,20,21,31,36,35,35,46,43,55,51,49,46,56,51,40,38,39,50,52,56,49,40,39,45,31,38,30,56,36,43,34,46,37,41,44,39,33,36,35,52,40,53,45,53,34,49,44,38,31,31,34,44,50,30,30,43,34,37,41,46,52,44,42,36,48,37,37,47,36,32,35,44,45,30,36,31,35,28,27,36,28,25,30,26,27,27,36,34,14,23,26,24,17,18,24,23,26,32,22,19,27,28,20,26,21,26,37,27,28,16,28,10,21,16,17,18,24,19,27,17,17,14,25,12,19,9,16,12,13,13,19,10,24,6,21,4,11,3,13,5,13,4,14,3,9,2,8,2,4,0,6,0,2,0,2,0,2,0,1,1,0,0,0,0,0,0,1,0,0,0,0,0,0,0,0,0,0,0,0,0,0,0,0,0,0,0,0,0,0,0,0,0,0,0,0,0,0,0,0,0,0
天沼三丁目,3899,6081,2967,3114,28,25,22,14,22,30,20,19,25,22,15,14,20,13,15,26,17,14,20,11,13,14,20,18,25,9,17,12,12,11,15,13,20,13,12,16,10,15,13,12,11,20,24,24,30,39,52,40,42,60,62,77,49,59,61,65,63,67,67,56,69,70,77,65,64,46,69,52,57,48,41,44,57,47,46,41,48,43,50,51,52,48,41,36,56,50,52,52,59,43,49,57,55,61,50,55,58,65,45,48,58,46,51,44,41,55,48,44,39,38,37,41,48,39,42,47,31,28,34,30,39,49,32,26,30,25,29,28,30,29,21,30,20,31,25,23,24,20,23,21,20,20,28,32,32,31,24,41,27,35,28,32,20,17,15,21,24,28,18,35,12,25,11,25,12,20,8,14,12,17,10,26,7,17,13,22,5,23,7,19,2,11,1,10,0,3,3,9,3,11,1,5,1,6,2,6,0,3,1,2,0,1,1,3,0,0,0,0,0,0,0,0,0,0,0,0,0,0,0,0,0,0,0,0,0,0,0,0,0,0,0,0,0,0,0,0,0,0,0,0,0,0,0,0
本天沼一丁目,1794,3156,1611,1545,8,12,15,17,10,12,14,13,15,17,12,21,7,13,9,7,14,12,15,9,7,14,12,8,11,11,10,9,18,9,10,8,15,4,9,4,6,11,9,10,10,6,13,11,19,13,21,13,20,17,25,16,28,27,26,18,26,23,32,22,40,24,26,23,29,23,21,16,28,25,19,25,26,30,21,18,28,33,29,16,32,26,32,30,25,30,29,30,27,23,20,27,38,26,29,19,29,26,27,22,36,21,21,18,27,18,28,19,33,30,21,18,25,14,26,19,20,26,19,12,9,12,16,26,19,20,17,13,8,11,7,16,14,8,16,17,9,9,16,9,11,12,11,19,15,12,14,18,18,30,21,26,14,15,9,15,11,19,12,12,14,20,16,10,5,12,10,17,7,8,7,8,5,16,5,11,1,11,3,10,6,5,2,4,1,4,0,3,3,2,1,3,1,3,0,2,0,0,0,2,0,0,0,0,0,0,0,1,0,0,0,0,0,0,0,0,0,0,0,0,0,0,0,0,0,0,0,0,0,0,0,0,0,0,0,0,0,0,0,0,0,0,0,0
本天沼二丁目,2459,4611,2310,2301,15,20,18,15,20,5,21,29,20,15,13,16,21,16,27,17,27,19,16,23,23,15,23,12,20,25,18,10,14,15,22,16,16,16,19,17,19,18,22,23,15,28,29,17,24,30,28,24,37,41,32,28,41,32,34,34,31,31,34,22,21,34,39,26,32,35,23,36,30,24,34,23,39,28,28,31,29,35,34,34,28,27,37,36,34,33,35,30,39,50,42,34,39,45,38,33,34,34,41,39,39,39,36,38,30,26,30,25,31,29,34,33,40,25,30,34,30,24,31,24,25,23,27,30,27,23,27,29,23,24,19,17,16,20,15,15,16,25,14,17,29,21,20,19,26,20,29,22,27,31,37,29,26,21,23,21,20,21,16,19,17,27,9,22,11,17,13,17,12,20,15,15,12,18,8,20,6,15,7,18,7,12,7,14,3,6,2,12,3,11,3,7,3,2,2,2,0,0,2,4,0,1,0,0,0,0,0,0,0,1,0,0,0,0,0,0,0,0,0,0,0,0,0,0,0,0,0,0,0,0,0,0,0,0,0,0,0,0,0,0,0,0,0,0
本天沼三丁目,1873,3802,1844,1958,14,16,16,19,21,21,20,17,16,23,21,20,17,19,27,21,16,18,18,12,17,21,21,8,18,16,20,14,17,12,10,13,8,15,11,12,12,13,14,11,21,14,15,21,21,13,15,19,19,18,23,18,26,24,24,29,29,25,25,28,29,23,26,33,33,24,21,26,26,20,18,20,13,41,23,23,34,25,34,31,29,28,26,25,28,32,41,33,31,34,29,25,34,23,33,31,28,30,27,38,25,32,37,25,30,27,20,17,24,17,23,28,25,16,28,24,26,16,18,24,21,29,20,25,18,16,22,24,19,19,15,15,21,22,12,13,14,6,11,13,18,16,16,23,15,23,23,21,16,18,26,25,12,18,9,16,24,22,10,12,17,28,12,26,7,17,16,12,13,17,13,12,8,14,7,19,8,15,6,15,4,17,7,11,3,6,3,11,1,17,2,11,2,3,1,2,0,3,1,2,0,1,0,1,0,0,0,0,0,0,0,0,0,1,0,0,0,0,0,0,0,0,0,0,0,0,0,0,0,0,0,0,0,0,0,0,0,0,0,0,0,0,0,0
成田西一丁目,1292,2762,1319,1443,7,7,11,15,7,17,12,11,20,13,15,8,10,21,12,8,15,13,20,11,9,15,15,8,25,19,9,12,22,13,13,7,10,11,13,13,11,8,9,9,13,13,13,13,7,18,15,14,7,9,8,19,8,11,22,16,16,20,15,16,15,11,14,13,13,22,13,17,18,17,17,16,22,20,17,14,16,15,27,22,10,20,13,14,17,22,21,20,25,29,26,29,18,17,20,15,26,23,22,34,29,25,25,25,14,28,28,25,16,27,17,17,17,10,22,23,21,20,14,23,19,17,12,21,18,10,19,16,11,18,16,25,19,13,12,11,9,8,12,13,17,13,16,15,11,14,18,15,15,19,9,20,10,7,13,14,11,12,10,18,12,19,11,15,9,8,4,6,4,7,9,14,4,13,4,10,4,7,4,11,4,8,2,4,4,7,1,1,2,1,1,5,0,1,0,2,0,1,1,0,0,0,0,0,0,2,0,0,0,0,0,1,0,0,0,0,0,0,0,0,0,0,0,0,0,0,0,0,0,0,0,0,0,0,0,0,0,0,0,0,0,0,0,0
成田西二丁目,1409,3081,1502,1579,12,12,16,12,9,18,14,20,11,18,19,8,21,17,10,12,12,15,18,14,12,13,11,14,13,17,11,14,12,15,16,12,9,14,12,14,14,11,20,7,14,20,16,22,23,19,14,15,13,16,15,18,15,15,14,18,15,15,19,22,23,22,20,27,14,16,20,19,20,17,14,16,27,26,15,17,19,21,20,15,19,29,21,17,22,18,23,20,24,25,27,25,27,31,26,21,23,32,28,24,21,25,30,27,23,16,24,18,23,27,26,26,25,23,31,23,21,23,20,18,20,18,23,22,22,15,23,23,18,9,18,13,20,19,8,13,12,12,11,14,22,9,13,11,11,20,21,22,13,26,11,22,12,6,8,14,15,15,15,13,13,9,14,13,7,15,11,12,2,5,3,9,2,13,6,11,7,13,3,9,1,5,3,7,2,3,2,5,1,4,1,2,0,3,0,1,0,2,1,0,1,0,0,1,0,0,0,0,0,0,0,0,0,0,0,0,0,0,0,0,0,0,0,0,0,0,0,0,0,0,0,0,0,0,0,0,0,0,0,0,0,0,0,0
成田西三丁目,987,2236,1092,1144,7,6,5,10,9,10,8,6,12,8,11,6,13,7,12,19,11,6,15,13,9,5,13,11,14,10,13,6,11,11,18,9,10,16,9,12,7,15,10,17,19,12,9,15,11,25,15,12,9,12,14,8,13,13,13,13,13,9,10,8,16,14,16,7,12,16,8,13,13,16,12,9,11,18,20,12,13,12,15,10,13,13,12,18,14,22,12,15,16,15,14,14,16,17,14,13,17,25,19,24,22,22,16,17,18,24,18,30,21,13,22,16,15,18,23,21,22,12,13,12,17,15,17,13,11,7,14,20,19,12,4,11,9,10,10,10,8,6,13,8,7,11,8,7,13,16,11,18,10,6,17,8,4,9,12,14,11,7,6,7,4,5,9,12,7,3,5,8,4,4,1,2,4,9,2,5,4,10,4,8,1,9,4,3,2,7,2,4,0,6,0,5,2,4,0,3,0,0,0,2,0,1,0,0,0,0,0,0,0,1,0,0,0,0,0,0,0,0,0,0,0,0,0,0,0,0,0,0,0,0,0,0,0,0,0,0,0,0,0,0,0,0,0,0
成田西四丁目,448,935,454,481,3,3,4,4,3,6,5,1,4,2,6,1,2,6,3,4,4,0,1,3,5,3,2,1,8,2,2,2,5,4,5,2,1,4,4,4,7,4,4,2,4,4,6,4,3,6,7,5,3,5,5,6,9,5,11,6,2,1,2,9,3,5,6,4,6,1,4,4,6,3,6,4,4,2,3,8,4,11,6,9,11,8,4,7,4,2,5,7,5,7,7,5,4,4,8,4,7,8,6,8,8,8,8,6,5,6,16,10,5,9,6,10,16,8,11,9,10,14,9,6,5,8,6,8,4,10,9,4,2,4,3,7,9,1,4,9,6,4,9,4,3,7,3,9,2,5,5,5,2,3,4,10,6,4,5,1,3,5,3,6,5,7,1,5,3,6,1,6,2,4,3,2,2,3,1,6,6,1,0,2,1,3,0,5,2,1,0,1,1,1,0,1,0,2,0,0,0,2,0,2,0,1,0,0,0,0,0,0,0,0,0,0,0,0,0,0,0,0,0,0,0,0,0,0,0,0,0,0,0,0,0,0,0,0,0,0,0,0,0,0,0,0,0,0
成田東一丁目,2432,4602,2239,2363,10,15,12,16,15,15,19,19,16,12,17,27,23,22,28,14,16,21,20,26,18,21,22,16,16,27,20,17,22,18,12,18,13,16,13,18,24,19,22,17,23,25,19,29,27,21,23,30,18,23,32,29,31,24,39,24,25,35,23,26,27,29,18,27,28,32,31,18,22,33,38,27,24,34,29,28,36,28,30,44,35,32,39,33,38,33,32,36,40,31,36,27,42,43,39,32,33,26,38,47,31,30,39,36,48,37,26,35,29,32,32,33,33,28,42,21,35,25,31,26,26,25,26,29,26,31,22,29,25,23,15,18,23,15,21,13,29,35,33,25,27,17,24,31,27,42,25,35,34,28,25,25,13,11,14,26,14,26,10,23,19,31,21,31,14,22,14,19,12,21,10,19,12,15,13,16,9,17,11,18,8,8,4,10,5,14,1,9,1,8,4,5,1,2,1,2,0,1,0,2,1,0,0,3,0,0,0,0,0,0,0,0,0,0,0,0,0,0,0,0,0,0,0,0,0,0,0,0,0,0,0,0,0,0,0,0,0,0,0,0,0,0,0,0
成田東二丁目,1714,3867,1905,1962,12,11,16,19,19,18,30,31,25,26,26,24,21,24,23,22,19,22,19,13,21,32,21,16,23,20,27,27,26,13,22,24,11,7,16,9,17,12,14,11,24,15,20,18,26,19,19,17,17,20,12,15,29,15,21,18,22,20,23,15,23,14,21,16,17,27,14,21,18,28,30,20,24,28,29,27,30,33,32,27,34,32,32,26,34,41,38,28,28,28,33,38,25,38,27,31,40,35,29,35,31,35,35,34,28,30,30,23,24,37,26,27,27,22,38,27,25,19,32,19,22,22,17,26,14,33,18,24,21,17,20,19,17,15,24,23,22,12,12,13,15,21,24,26,24,15,15,24,17,18,12,15,15,22,11,13,12,13,8,13,11,9,10,12,6,13,5,14,7,15,9,23,11,10,5,15,3,15,5,14,5,5,2,8,1,4,2,6,3,4,3,2,2,3,0,1,0,2,0,0,0,0,0,1,0,2,0,1,0,0,0,0,0,0,0,0,0,0,0,0,0,0,0,0,0,0,0,0,0,0,0,0,0,0,0,0,0,0,0,0,0,0,0,0
成田東三丁目,1867,3337,1648,1689,13,12,10,8,16,13,16,15,10,8,14,9,12,13,20,10,9,16,10,14,17,10,6,13,13,8,8,11,13,11,10,14,10,7,13,10,12,10,14,14,13,7,15,22,25,12,21,23,19,23,27,36,22,34,28,27,33,29,23,30,22,22,25,20,23,22,26,29,18,23,25,20,24,30,30,26,25,29,33,26,32,24,24,29,30,25,20,25,19,21,26,29,25,27,27,27,36,26,24,31,39,26,22,15,28,29,30,36,26,21,35,20,20,19,16,24,15,17,18,16,15,20,18,14,26,18,16,13,15,18,13,21,18,18,14,15,15,14,13,12,17,15,14,12,12,20,22,13,12,19,15,19,12,14,9,10,13,13,16,10,8,19,17,9,15,15,7,10,8,14,7,21,10,16,8,16,5,9,3,17,5,7,6,9,3,4,1,6,1,1,0,2,1,2,3,1,0,0,0,0,0,0,0,0,0,0,0,0,0,0,0,0,0,0,0,0,0,0,0,0,0,0,0,0,0,0,0,0,0,0,0,0,0,0,0,0,0,0,0,0,0,0,0,0
成田東四丁目,3065,5769,2712,3057,30,28,28,28,34,32,30,37,37,26,30,32,24,34,27,42,27,22,24,33,19,18,22,25,16,12,19,16,16,12,15,19,13,10,12,21,20,24,22,23,31,18,17,30,32,34,34,34,24,31,48,30,29,31,26,35,34,35,31,38,32,39,33,44,36,39,42,41,39,41,32,50,37,53,55,62,43,47,54,52,55,63,49,51,55,48,57,56,55,54,54,48,43,47,47,47,49,51,41,49,43,42,42,61,42,45,34,63,35,44,47,38,35,41,26,46,42,32,42,35,29,41,33,30,28,22,37,36,28,36,28,30,24,27,19,25,19,21,24,30,33,21,24,27,28,23,26,43,29,32,27,30,17,15,12,22,22,27,22,29,13,17,11,25,13,21,11,22,13,15,10,16,9,13,8,15,10,16,10,10,7,17,4,7,8,13,3,11,1,11,0,6,2,4,2,4,0,3,1,1,0,1,0,0,0,1,0,1,0,0,0,1,0,0,0,0,0,0,0,0,0,0,0,0,0,0,0,0,0,0,0,0,0,0,0,0,0,0,0,0,0,0,0,0
成田東五丁目,3508,5855,2720,3135,19,13,29,21,13,26,15,18,21,20,14,12,16,19,16,23,18,17,19,10,24,13,14,22,13,14,20,18,22,15,13,16,21,14,13,10,26,26,19,40,23,39,27,26,39,33,33,51,33,39,42,54,49,40,35,39,46,50,37,57,36,53,37,39,42,51,33,57,45,49,32,45,41,50,47,42,42,41,36,51,44,40,42,47,49,64,44,39,48,47,59,41,45,38,38,50,43,56,35,46,42,59,40,53,56,52,68,49,39,36,33,43,61,46,41,56,44,40,33,43,45,36,29,30,29,30,35,27,24,37,32,28,27,22,24,28,31,26,20,28,26,24,34,37,26,36,24,38,32,39,25,39,22,19,16,18,30,29,16,37,16,31,19,30,16,20,8,24,14,28,10,27,14,23,9,18,5,15,9,19,4,9,9,17,6,10,2,9,2,6,2,5,2,3,0,1,0,4,0,2,1,5,0,2,0,0,1,1,0,0,0,0,0,0,0,0,0,0,0,0,0,0,0,0,0,0,0,0,0,0,0,0,0,0,0,0,0,0,0,0,0,0,0,0
荻窪一丁目,2620,5391,2627,2764,19,21,19,25,28,24,29,20,27,21,20,23,31,20,26,24,29,15,18,22,23,24,28,25,23,27,29,25,27,26,20,17,21,22,25,23,28,17,25,19,29,29,26,29,29,23,28,21,28,28,29,33,32,25,29,36,36,36,25,33,39,37,28,40,36,30,30,27,28,26,31,32,37,51,48,47,29,36,30,36,38,32,39,30,40,38,40,45,36,48,48,42,39,54,48,55,60,39,61,42,45,33,44,45,45,47,39,49,43,40,41,31,32,26,33,35,42,29,33,35,28,31,30,23,37,30,31,33,22,27,25,23,26,29,18,26,24,21,16,33,33,38,22,31,23,31,31,33,31,33,34,38,16,25,23,24,24,21,18,28,19,22,17,23,11,28,11,15,15,11,11,20,12,26,9,27,7,24,9,19,4,6,5,9,6,14,4,11,3,12,2,5,2,2,0,10,0,2,0,4,0,2,0,1,0,1,0,0,0,2,0,0,0,0,0,0,0,0,0,0,0,0,0,0,0,0,0,0,0,0,0,0,0,0,0,0,0,0,0,0,0,0,0,0
荻窪二丁目,2204,4072,1940,2132,18,16,17,15,22,15,18,18,24,14,16,13,23,25,21,15,16,17,20,15,10,26,13,15,16,15,10,17,16,13,8,7,15,9,16,12,14,7,19,8,19,16,24,17,24,20,27,31,22,20,26,29,26,41,38,31,27,35,29,29,36,27,30,31,24,40,32,19,28,31,21,28,33,32,37,27,31,37,43,26,30,33,25,30,30,31,31,29,21,36,28,30,34,30,25,24,28,33,36,38,20,33,28,38,31,35,31,31,27,26,22,34,14,30,30,24,29,24,23,35,32,30,28,18,17,33,26,19,15,16,20,23,19,20,20,21,18,17,8,20,15,21,15,29,16,28,22,28,19,20,22,21,16,14,15,16,12,19,18,23,15,20,10,28,11,13,13,13,7,16,11,9,5,18,7,13,7,13,7,10,6,10,5,8,2,11,1,9,3,8,2,5,1,4,1,1,0,2,1,1,0,0,0,1,0,0,0,0,0,0,0,0,0,0,0,0,0,0,0,0,0,0,0,0,0,0,0,0,0,0,0,0,0,0,0,0,0,0,0,0,0,0,0,0
荻窪三丁目,3675,7019,3369,3650,34,41,41,49,54,38,47,41,36,39,27,44,39,25,46,33,23,26,36,23,25,35,25,24,21,29,23,14,22,26,32,20,19,14,17,20,14,25,20,24,16,20,24,21,25,37,30,33,48,40,28,29,45,47,51,43,40,34,46,53,45,55,47,45,59,56,59,50,48,68,73,54,65,60,58,69,61,54,60,77,55,60,56,61,62,53,68,57,66,57,51,61,55,61,57,59,60,65,55,62,54,64,56,60,63,65,49,44,52,51,56,58,44,38,38,41,42,51,36,42,45,37,48,34,37,35,34,34,28,37,33,28,36,31,27,24,23,33,25,23,27,23,18,29,24,36,31,35,31,29,30,57,18,27,24,27,27,33,23,40,21,29,14,30,11,24,9,23,13,19,16,33,16,33,10,22,11,17,14,24,15,18,8,24,4,14,4,14,1,7,2,4,4,5,1,4,2,2,0,4,0,2,0,0,0,0,0,0,0,0,0,0,0,0,0,1,0,0,0,0,0,0,0,0,0,0,0,0,0,0,0,0,0,0,0,0,0,0,0,0,0,0,0,0
荻窪四丁目,2577,4214,1903,2311,17,18,16,21,18,12,13,13,13,8,14,7,17,9,10,9,15,9,7,11,9,11,9,7,11,7,8,9,8,12,6,14,4,11,10,12,6,5,11,14,9,13,9,14,8,15,16,19,18,34,27,41,27,39,32,39,39,42,36,37,34,49,37,38,44,45,46,35,35,42,32,41,36,30,32,47,44,35,25,30,31,35,29,42,36,25,33,37,19,37,37,45,26,37,34,39,26,39,31,36,26,39,33,31,31,37,22,39,26,48,38,42,25,38,37,29,32,32,25,30,24,30,19,22,27,19,24,38,23,26,17,25,10,26,27,23,19,18,20,13,16,21,22,25,18,36,15,23,25,26,23,21,16,15,13,22,18,22,17,22,15,18,8,16,11,13,8,22,8,19,8,9,8,9,8,15,4,9,5,15,6,10,6,8,1,10,4,3,1,3,0,8,2,2,1,4,0,2,0,1,0,0,0,1,0,0,1,0,0,0,0,0,0,0,0,0,0,0,0,0,0,0,0,0,0,0,0,0,0,0,0,0,0,0,0,0,0,0,0,0,0,0,0,0
荻窪五丁目,3110,4936,2273,2663,28,18,23,17,25,15,23,17,25,10,24,14,20,19,13,13,24,22,8,11,14,14,20,10,12,14,14,12,17,14,16,8,16,15,6,12,14,10,11,6,8,18,14,19,21,20,26,44,33,44,43,49,42,51,40,53,47,61,32,39,46,49,39,34,44,43,40,52,50,47,44,60,41,38,39,51,42,53,53,52,65,52,35,47,27,43,40,46,39,33,40,34,43,46,34,61,51,49,42,59,31,50,38,44,34,51,45,51,48,46,23,34,21,34,38,34,29,33,33,30,16,29,26,26,14,30,22,19,11,27,25,16,13,27,23,27,19,23,20,28,17,18,12,28,15,17,19,32,21,23,21,26,13,13,5,12,7,19,16,14,9,14,12,18,12,13,8,10,5,18,6,17,3,16,5,13,4,8,4,10,1,10,4,5,4,8,2,6,1,6,1,3,3,4,0,3,1,0,0,2,0,0,0,0,0,0,0,0,0,0,0,0,0,0,0,0,0,0,0,0,0,0,0,0,0,0,0,0,0,0,0,0,0,0,0,0,0,0,0,0,0,0,0,0
南荻窪一丁目,1892,3830,1820,2010,12,15,13,22,16,15,21,15,22,15,21,12,13,15,16,17,17,13,16,24,21,13,16,17,12,14,22,7,19,16,20,17,15,14,19,12,16,23,13,17,29,17,20,23,26,31,29,28,23,25,27,20,27,28,21,24,18,23,21,31,30,33,19,21,27,33,22,21,27,39,28,32,29,20,26,35,25,23,28,21,26,16,17,33,23,23,19,41,23,27,28,25,39,36,29,36,34,29,34,37,29,38,29,31,29,30,29,29,28,33,29,27,23,25,29,32,30,16,21,18,24,28,19,20,19,19,20,19,16,27,15,25,16,12,13,15,10,19,19,16,11,13,11,22,26,23,16,16,10,17,15,25,13,23,13,20,13,16,18,18,13,14,18,16,10,16,7,12,11,11,7,13,10,17,8,12,1,15,5,11,2,10,5,14,4,6,2,7,1,3,4,3,4,3,0,6,0,4,1,1,0,0,0,0,0,0,0,0,0,0,0,0,0,0,0,0,0,0,0,0,0,0,0,0,0,0,0,0,0,0,0,0,0,0,0,0,0,0,0,0,0,0,0,0
南荻窪二丁目,1897,4002,1939,2063,18,11,21,16,20,15,17,24,22,10,27,18,20,25,7,28,17,11,11,18,15,11,9,17,16,17,17,22,23,17,21,20,13,17,18,15,23,24,26,15,21,16,22,28,25,24,27,26,29,17,19,32,26,26,30,16,18,28,28,32,26,33,20,23,21,31,22,27,35,23,26,26,22,35,29,19,30,21,19,27,29,28,25,23,33,38,25,37,30,28,28,33,34,28,30,24,47,33,29,44,25,44,28,44,28,33,37,30,36,30,27,40,27,34,33,21,35,32,31,27,18,25,18,19,13,31,24,22,20,24,17,17,21,18,18,15,22,16,23,20,17,11,17,15,22,17,11,20,23,25,26,19,11,10,9,14,17,19,12,9,12,16,15,16,8,22,3,14,5,10,8,18,13,11,12,16,9,10,3,11,2,4,7,7,4,8,2,3,2,2,0,1,2,6,0,1,0,3,0,2,0,3,0,0,0,0,0,0,0,0,0,0,0,1,0,0,0,0,0,0,0,0,0,0,0,0,0,0,0,0,0,0,0,0,0,0,0,0,0,0,0,0,0,0
南荻窪三丁目,1637,3010,1458,1552,11,16,11,18,13,19,16,10,14,10,11,11,15,8,13,7,17,6,5,5,9,14,4,5,9,12,10,10,6,9,8,11,5,13,5,9,17,12,19,11,11,13,19,14,20,17,25,16,20,26,30,18,19,25,30,19,25,24,22,24,26,19,23,25,25,27,32,14,25,22,22,33,24,21,23,17,12,20,24,20,22,25,13,16,22,20,24,16,20,18,15,23,18,25,18,21,17,19,21,30,19,24,21,23,21,21,24,41,24,26,29,22,24,27,18,23,19,17,16,21,20,22,18,14,23,17,11,14,13,20,14,9,14,10,9,14,13,18,17,15,15,14,11,19,17,18,19,22,18,19,20,15,9,10,4,13,13,9,7,10,15,13,5,17,12,13,4,6,8,13,6,11,3,9,7,11,8,3,7,6,3,7,4,13,1,10,4,5,2,10,1,4,0,4,1,2,1,3,1,0,0,1,0,1,0,0,0,0,0,0,0,0,0,0,0,0,0,0,0,0,0,0,0,0,0,0,0,0,0,0,0,0,0,0,0,0,0,0,0,0,0,0,0,0
南荻窪四丁目,1971,3465,1648,1817,8,16,9,7,5,12,14,17,7,16,16,11,15,18,12,17,18,16,14,11,9,14,11,14,12,17,13,12,15,9,13,18,8,9,14,8,8,5,6,7,12,10,10,15,18,16,16,16,23,33,29,31,31,25,30,27,28,24,29,18,15,28,34,25,19,29,23,26,26,31,28,20,33,18,30,28,44,28,30,33,22,33,32,36,40,31,23,29,24,36,28,33,24,27,31,27,24,29,20,28,31,42,38,26,20,26,24,24,25,27,20,30,19,13,22,33,25,25,24,26,17,17,21,17,18,16,15,20,24,17,11,16,15,17,7,17,15,18,17,11,13,13,10,17,13,20,15,22,20,28,15,16,12,18,9,18,23,13,10,21,9,8,18,14,8,8,6,9,7,14,16,4,4,9,5,16,6,10,1,8,7,3,1,8,2,9,3,3,2,8,0,9,0,2,1,2,1,0,0,2,0,1,0,1,0,1,0,0,0,0,0,0,0,0,0,0,0,0,0,0,0,0,0,0,0,0,0,0,0,0,0,0,0,0,0,0,0,0,0,0,0,0,0,0
上荻一丁目,1094,1627,726,901,7,7,3,12,4,5,7,11,4,3,3,8,4,8,3,2,3,5,4,0,8,1,1,1,3,5,1,5,5,3,3,3,1,2,3,2,2,4,3,1,5,4,3,4,8,10,10,11,9,14,13,12,11,17,15,12,24,14,19,19,14,27,15,20,19,17,14,14,14,19,19,13,8,16,12,11,21,22,14,14,17,20,10,9,10,20,18,16,14,17,17,22,16,12,11,13,14,21,16,18,7,17,14,9,10,11,15,17,13,11,12,10,6,9,12,7,6,10,5,4,11,7,5,8,6,9,8,9,5,9,4,8,6,14,6,10,6,6,6,12,5,2,5,14,2,13,6,9,8,9,4,12,4,7,5,5,6,4,4,11,6,7,4,5,4,6,1,8,1,5,4,4,4,6,1,4,2,1,2,5,0,4,1,3,0,2,0,3,2,0,0,4,0,1,0,0,0,0,0,1,0,1,0,0,0,1,0,0,0,1,0,0,0,0,0,0,0,0,0,0,0,0,0,0,0,0,0,0,0,0,0,0,0,0,0,0,0,0,0,0,0,0,0,0
上荻二丁目,3206,5046,2524,2522,21,15,20,7,26,17,13,12,7,16,11,15,11,15,17,10,15,10,15,8,8,13,8,10,6,12,11,9,11,12,6,8,11,12,8,12,9,16,10,12,22,15,22,19,24,22,39,29,60,60,54,70,72,70,70,63,66,50,57,48,64,50,44,49,43,46,70,48,60,40,51,54,33,34,42,42,37,42,40,33,38,43,46,34,38,34,49,20,42,34,28,38,28,32,36,29,38,33,36,47,30,36,41,38,43,35,34,37,34,50,32,30,23,38,41,31,34,35,38,29,31,29,26,17,23,21,22,25,28,16,21,28,23,29,12,23,27,20,24,23,21,31,16,20,20,25,28,24,36,32,28,31,11,14,16,22,13,25,17,17,10,19,18,23,18,14,8,20,15,11,13,16,10,14,10,16,8,13,9,16,2,10,7,11,4,9,3,10,1,4,0,4,0,1,0,2,1,4,0,3,0,0,0,2,0,0,0,0,1,0,0,0,0,0,0,0,0,0,0,0,0,0,0,0,0,0,0,0,0,0,0,0,0,0,0,0,0,0,0,0,0,0,0,0
上荻三丁目,1623,3111,1477,1634,9,9,12,16,9,10,14,14,18,10,7,9,12,14,14,9,12,11,14,12,11,9,10,13,15,9,10,11,13,16,13,8,10,12,7,7,18,9,10,12,13,16,20,11,17,17,17,16,21,17,23,22,16,17,22,30,23,23,17,26,12,23,17,19,21,26,15,19,22,25,30,23,24,23,24,20,17,20,17,26,34,23,17,19,25,35,25,19,23,31,26,22,29,32,20,19,21,25,22,22,36,24,28,36,27,38,22,21,23,27,29,25,14,23,21,33,18,26,20,24,16,20,18,17,25,13,17,22,23,21,15,15,17,9,12,10,8,14,13,16,10,20,13,15,11,25,28,19,20,15,14,17,9,14,11,13,3,12,11,16,10,13,11,10,2,10,5,10,6,9,7,13,7,10,6,13,6,10,4,9,5,10,2,4,1,6,2,2,1,4,0,6,0,2,1,0,0,2,1,2,0,1,0,0,0,1,0,1,0,0,0,0,0,0,0,0,0,0,0,0,0,0,0,0,0,0,0,0,0,0,0,0,0,0,0,0,0,0,0,0,0,0,0,0
上荻四丁目,1982,3463,1621,1842,11,7,7,10,10,7,8,7,14,13,10,13,10,16,11,20,13,11,12,10,23,4,15,16,14,14,9,10,12,11,9,10,11,13,9,15,12,11,9,12,12,9,10,22,22,22,19,21,22,19,20,25,23,20,31,24,25,29,23,32,17,18,25,26,13,26,23,23,25,31,25,19,22,24,30,20,25,23,27,30,24,16,20,38,27,33,28,35,25,30,27,35,26,25,26,31,38,34,19,34,28,22,28,35,19,25,38,35,29,41,28,30,19,20,33,32,26,32,23,21,22,27,25,21,16,19,21,23,17,19,12,16,12,16,14,16,22,23,20,14,24,25,17,19,16,21,20,22,18,22,12,26,12,16,12,16,14,19,12,15,10,21,9,8,11,8,3,9,9,5,3,12,3,13,6,8,8,11,4,7,6,7,2,9,4,5,1,3,2,10,0,5,0,0,1,2,0,0,1,2,1,1,0,3,0,0,0,1,0,0,0,0,0,0,0,0,0,0,0,0,0,0,0,0,0,0,0,0,0,0,0,0,0,0,0,0,0,0,0,0,0,0,0,0
西荻南一丁目,1413,2557,1193,1364,7,6,8,14,10,9,12,8,10,10,8,11,9,13,8,11,11,6,11,7,12,10,5,12,9,6,4,6,11,11,9,5,8,12,8,4,12,12,8,8,14,4,12,13,15,14,20,16,20,25,15,18,22,20,22,21,17,23,13,24,18,18,19,23,16,14,15,14,20,21,21,21,16,23,11,16,10,21,12,21,21,19,10,25,30,28,16,25,24,22,15,24,16,27,25,17,25,20,23,25,18,24,17,23,18,22,18,25,14,14,18,22,11,8,19,16,20,21,20,21,13,13,17,10,13,14,9,7,8,15,14,12,13,15,11,17,9,15,5,13,12,10,21,9,12,12,15,13,15,15,10,15,13,10,9,8,12,11,9,13,12,12,10,13,3,7,4,8,4,13,5,13,6,6,1,9,5,8,4,8,4,6,2,4,2,5,0,6,0,5,1,3,2,3,2,3,0,1,0,1,0,2,0,1,0,1,0,0,0,0,0,0,0,0,0,0,0,0,0,0,0,0,0,0,0,0,0,0,0,0,0,0,0,0,0,0,0,0,0,0,0,0,0,0
西荻南二丁目,2560,3895,1675,2220,10,8,10,9,5,17,7,9,8,9,11,9,12,10,15,9,9,13,10,11,7,12,8,12,15,9,8,6,12,7,9,14,7,13,5,6,16,11,11,7,7,9,15,11,14,19,17,44,31,55,34,56,41,61,36,50,31,43,28,43,29,43,26,46,30,38,24,29,32,31,26,30,32,29,31,29,23,31,40,46,22,31,29,37,33,37,31,37,29,36,25,35,34,37,32,40,35,37,28,48,33,41,23,49,34,37,23,48,32,25,28,44,21,35,24,33,29,26,24,26,21,22,24,25,17,19,18,15,19,20,14,17,16,12,13,10,16,19,10,14,13,24,14,13,14,17,14,16,10,22,11,20,13,14,12,18,7,16,11,16,9,20,10,17,6,8,5,16,3,15,4,14,6,12,6,15,4,14,6,9,3,6,5,6,5,8,1,5,0,9,0,3,2,4,1,0,0,1,0,3,1,1,0,1,0,0,0,0,0,1,0,0,0,0,0,0,0,0,0,0,0,0,0,0,0,0,0,0,0,0,0,0,0,0,0,0,0,0,0,0,0,0,0,0
西荻南三丁目,1602,2485,1132,1353,8,11,7,4,10,9,3,3,6,6,5,5,6,8,4,2,6,8,8,3,4,3,7,5,10,9,8,7,6,7,11,6,5,5,13,5,10,8,5,11,5,12,12,8,12,16,22,21,21,22,14,23,26,23,23,34,11,35,21,25,22,29,22,17,17,24,13,20,18,17,20,21,26,16,16,24,23,18,19,20,19,25,16,27,12,21,19,27,27,20,18,22,18,32,20,20,18,24,21,33,21,21,23,22,16,32,22,25,19,17,19,22,18,18,28,19,14,17,17,15,11,14,10,21,19,14,15,18,6,11,7,6,11,16,6,11,7,11,9,17,11,8,11,6,11,8,9,16,16,21,11,19,8,6,7,8,7,16,6,7,6,11,2,14,4,3,5,9,3,7,9,3,2,7,1,7,4,7,0,3,4,3,0,0,0,3,1,2,0,5,1,4,1,1,1,0,0,0,0,0,0,0,0,0,0,1,0,0,0,0,0,0,0,0,0,0,0,0,0,0,0,0,0,0,0,0,0,0,0,0,0,0,0,0,0,0,0,0,0,0,0,0,0,0
西荻南四丁目,1628,2923,1325,1598,18,5,14,10,13,8,11,15,16,15,13,11,5,12,9,15,19,7,4,8,14,7,7,11,7,11,7,9,10,17,10,8,13,11,5,8,10,2,11,11,13,9,8,15,9,6,12,22,12,16,21,24,18,27,19,28,24,31,20,23,17,33,17,18,15,22,10,21,21,26,13,29,17,30,26,24,27,32,35,31,24,23,17,26,19,32,23,24,20,21,23,27,18,26,18,26,18,28,27,25,22,30,28,22,27,26,17,20,20,22,24,30,14,20,22,19,26,16,12,20,17,12,18,13,12,14,16,13,18,21,13,15,14,15,17,12,14,12,16,15,7,21,12,13,7,17,17,15,14,16,14,19,8,12,11,7,7,10,13,14,8,13,7,9,6,13,1,12,9,10,5,16,5,16,5,15,5,7,3,10,4,6,3,3,3,9,3,5,1,5,0,3,1,2,1,2,0,1,0,1,1,2,0,1,0,0,0,0,0,0,0,0,0,0,0,0,0,0,0,0,0,0,0,0,0,0,0,0,0,0,0,0,0,0,0,0,0,0,0,0,0,0,0,0
西荻北一丁目,1397,2390,1191,1199,7,5,9,7,5,8,3,9,8,11,4,10,10,4,8,9,12,9,8,7,11,14,10,9,9,6,4,10,11,5,8,9,7,8,8,8,9,7,8,11,17,13,10,11,10,21,20,7,19,17,19,20,12,21,20,14,11,17,21,23,12,18,23,12,16,19,23,20,13,21,17,15,14,9,22,16,17,24,17,22,15,19,17,16,18,12,25,16,26,20,21,17,22,16,18,16,20,21,21,28,19,22,17,21,21,19,22,17,20,21,27,28,19,12,15,16,15,14,14,13,20,17,14,12,11,11,20,17,13,13,9,8,16,8,9,9,14,9,12,8,12,16,15,9,12,10,15,11,13,12,12,15,7,8,11,9,9,10,9,15,8,8,3,5,2,10,6,6,4,9,6,6,3,10,6,5,4,6,3,6,5,7,0,5,2,4,1,4,1,0,0,4,0,1,0,1,0,3,0,1,0,0,0,1,0,0,0,0,0,0,0,0,0,0,0,0,0,0,0,0,0,0,0,0,0,0,0,0,0,0,0,0,0,0,0,0,0,0,0,0,0,0,0,0
西荻北二丁目,2418,4304,1923,2381,16,9,11,15,17,15,15,7,19,14,15,22,10,18,15,19,17,21,16,19,12,21,12,11,26,9,13,23,14,13,15,12,12,18,14,16,14,14,16,13,13,19,21,17,15,28,16,44,19,42,21,31,21,31,24,38,29,41,24,44,25,26,24,33,24,15,26,32,26,28,21,28,20,33,29,28,28,21,32,43,33,42,37,43,31,35,33,29,35,37,30,52,27,54,42,40,41,45,42,55,33,38,34,39,36,40,38,42,29,36,35,44,28,46,33,42,31,24,32,27,22,32,19,21,29,33,18,24,19,17,19,20,21,30,21,20,18,24,17,22,17,17,22,19,27,22,21,26,26,18,23,27,10,15,12,15,14,20,10,12,11,19,7,20,6,11,7,14,7,13,14,15,7,18,8,9,4,13,3,15,9,14,3,11,4,5,2,4,3,11,4,6,0,3,1,2,0,0,1,3,0,0,0,0,0,0,0,0,0,0,0,0,0,0,0,0,0,0,0,0,0,0,0,0,0,0,0,0,0,0,0,0,0,0,0,0,0,0,0,0,0,0,0,0
西荻北三丁目,3064,4886,2163,2723,11,19,19,16,11,15,9,14,9,11,16,15,9,12,13,15,13,14,11,9,9,11,13,8,13,18,11,14,10,13,13,12,11,12,7,14,13,19,10,14,14,18,17,20,15,23,20,28,19,29,34,37,24,42,39,48,29,55,37,45,33,43,37,56,40,58,35,41,40,39,23,40,34,45,44,46,36,42,35,46,39,44,42,35,41,39,45,49,43,48,31,51,40,44,42,56,34,51,42,52,37,47,40,49,29,35,41,47,41,38,30,61,29,35,34,41,37,35,38,40,38,38,39,35,22,29,27,22,25,34,21,27,22,29,25,27,20,30,23,13,21,26,13,32,28,21,28,27,26,31,34,37,14,13,11,23,15,25,10,9,15,13,13,31,8,16,6,10,3,24,7,13,9,15,2,11,8,16,11,14,8,8,2,11,7,9,3,7,5,7,0,4,0,5,2,1,0,3,1,0,0,3,0,0,0,1,0,0,0,0,0,0,0,0,0,0,0,0,0,0,0,0,0,0,0,0,0,0,0,0,0,0,0,0,0,0,0,0,0,0,0,0,0,0
西荻北四丁目,2363,3770,1728,2042,3,7,12,10,10,9,9,7,9,10,10,9,8,11,8,9,7,13,13,11,8,9,10,10,10,10,5,10,9,9,12,15,8,12,8,10,10,16,14,15,18,21,14,16,16,28,9,32,19,30,23,38,30,35,24,46,23,30,24,32,28,24,21,27,23,24,25,26,22,21,22,33,39,29,30,20,15,33,23,29,34,30,24,32,33,29,35,30,27,39,33,32,32,31,25,27,32,34,33,42,30,39,34,31,33,37,29,32,24,37,23,29,28,34,34,20,19,33,24,16,18,26,23,16,24,26,22,20,26,20,19,20,18,22,20,19,22,18,18,17,15,24,11,22,24,25,27,26,29,28,22,17,11,14,12,30,19,16,14,20,16,16,10,22,21,24,14,13,8,8,8,10,6,10,12,9,3,14,7,3,3,13,1,7,1,11,2,7,1,4,1,5,1,4,2,6,0,4,0,0,0,1,0,2,0,1,0,1,0,1,0,0,0,0,0,0,0,0,0,0,0,0,0,0,0,0,0,0,0,0,0,0,0,0,0,0,0,0,0,0,0,0,0,0
西荻北五丁目,1111,1959,934,1025,3,2,6,9,8,7,9,5,5,5,4,8,6,8,4,7,8,9,9,2,8,9,6,6,12,5,10,7,3,5,7,10,6,4,9,3,7,8,7,6,7,7,17,10,18,8,9,16,12,15,21,12,21,16,18,12,11,17,8,12,21,22,17,11,17,10,9,12,9,16,14,18,10,14,15,11,11,15,9,19,10,13,13,19,19,18,22,9,11,12,8,13,15,13,12,18,24,14,9,35,14,10,19,14,14,22,10,16,13,23,22,18,14,16,15,8,11,14,17,7,13,11,10,11,7,11,14,20,6,8,16,10,8,13,9,11,4,8,11,7,9,7,10,9,8,16,10,9,12,18,17,13,5,10,6,7,7,9,5,5,6,12,3,7,5,11,3,8,4,8,3,7,2,7,3,5,1,7,2,10,1,2,5,3,3,4,0,1,0,5,1,0,0,2,2,0,0,1,0,1,0,0,0,1,0,0,0,0,0,0,0,0,0,0,0,0,0,0,0,0,0,0,0,0,0,0,0,0,0,0,0,0,0,0,0,0,0,0,0,0,0,0,0,0
今川一丁目,1133,2383,1168,1215,13,7,8,8,7,10,10,12,10,13,9,11,10,16,7,7,8,8,6,11,15,10,13,14,13,11,14,9,13,13,10,10,12,18,22,16,8,7,14,10,8,15,12,11,8,22,14,15,17,12,20,16,20,14,12,11,15,19,20,13,10,14,15,14,17,16,16,15,18,16,20,14,17,20,15,17,18,10,11,18,14,16,12,13,21,26,18,7,18,20,17,15,16,30,21,31,27,17,32,27,22,15,27,24,23,18,16,25,11,25,21,17,9,16,22,18,18,17,23,21,9,15,17,22,12,15,14,10,12,7,16,15,14,9,6,10,8,3,12,10,7,13,10,12,13,13,8,13,13,15,6,3,5,11,7,3,5,9,7,8,8,11,4,10,6,1,5,10,7,6,3,4,3,4,2,9,5,7,3,2,1,5,2,6,0,1,2,1,0,0,2,0,0,1,1,0,0,0,0,0,0,0,0,0,0,0,0,0,0,0,0,0,0,0,0,0,0,0,0,0,0,0,0,0,0,0,0,0,0,0,0,0,0,0,0,0,0,0,0,0,0,0,0,0
今川二丁目,864,1951,976,975,13,11,10,13,11,13,8,11,13,13,8,9,10,13,14,7,10,10,12,11,17,12,14,9,21,5,7,2,8,8,8,4,5,8,4,7,5,9,9,8,7,9,8,10,14,9,10,6,14,11,11,5,13,12,6,8,15,9,10,14,12,9,9,12,12,14,12,15,14,13,14,18,13,9,20,19,21,23,12,16,13,13,20,10,17,16,16,11,14,18,17,14,11,14,10,17,19,8,14,15,9,14,11,11,14,20,14,15,10,11,16,20,13,10,18,22,20,14,20,15,8,11,11,4,13,7,9,9,11,15,9,10,11,8,10,3,9,9,8,8,8,9,10,11,5,11,11,13,11,14,11,13,4,6,5,11,10,8,6,7,6,7,6,4,5,5,2,6,4,5,4,3,1,8,2,3,7,6,3,5,2,3,2,3,0,1,1,6,1,5,0,1,0,3,0,1,0,1,0,0,0,0,0,0,0,0,0,0,0,0,0,0,0,0,0,0,0,0,0,0,0,0,0,0,0,0,0,0,0,0,0,0,0,0,0,0,0,0,0,0,0,0,0,0
今川三丁目,1423,2876,1376,1500,8,16,11,10,11,13,4,4,15,12,16,19,11,15,16,11,15,16,15,17,10,11,9,12,14,14,15,11,10,15,20,12,9,16,9,11,14,16,14,9,15,10,17,15,11,4,11,12,11,21,9,5,12,19,15,10,8,15,16,18,14,15,13,15,9,13,16,15,11,17,19,15,16,18,22,23,16,22,22,20,19,25,17,23,25,16,17,21,23,18,19,22,23,30,19,18,26,21,38,27,18,22,23,33,28,24,30,20,19,19,20,19,24,16,26,19,15,19,18,18,20,21,15,25,20,21,16,23,15,24,22,10,25,16,6,12,19,16,14,16,20,14,13,16,14,16,17,17,21,9,17,25,9,10,5,19,9,19,7,17,10,9,12,17,11,17,9,8,5,12,5,6,7,14,4,9,6,13,6,11,6,8,7,7,4,1,4,10,0,2,0,4,0,5,0,1,0,1,0,4,0,0,0,1,0,2,0,0,0,0,0,0,0,0,0,0,0,0,0,0,0,0,0,0,0,0,0,0,0,0,0,0,0,0,0,0,0,0,0,0,0,0,0,0
今川四丁目,1157,2415,1173,1242,13,11,5,11,13,8,15,10,10,6,15,9,9,12,12,8,11,12,11,13,8,7,11,12,13,8,11,10,13,9,16,7,8,7,11,7,13,10,15,12,15,7,7,16,10,13,15,11,16,18,14,12,14,15,11,19,12,16,13,15,16,20,13,20,15,14,19,21,11,20,15,22,13,15,17,15,21,21,20,21,13,19,22,16,19,20,18,15,20,23,20,13,20,13,13,20,24,11,13,20,19,18,20,19,23,20,19,23,21,17,7,18,21,21,17,16,18,19,10,16,20,20,15,13,15,15,19,13,16,13,12,8,9,14,7,13,16,8,6,13,9,16,10,12,11,19,9,16,12,15,20,17,9,10,9,8,4,9,6,11,7,12,11,10,6,7,5,4,4,5,3,3,5,8,2,10,2,4,7,7,2,6,1,5,0,4,4,2,1,5,1,3,0,2,1,2,0,0,0,2,0,1,0,0,0,0,0,0,0,0,0,0,0,0,0,0,0,0,0,0,0,0,0,0,0,0,0,0,0,0,0,0,0,0,0,0,0,0,0,0,0,0,0,0
清水一丁目,1903,3254,1498,1756,13,7,10,13,9,9,15,18,7,9,11,10,7,15,10,19,11,11,15,10,9,15,9,9,16,13,11,12,10,11,7,9,9,10,3,9,11,7,10,15,9,17,22,16,16,14,17,29,22,30,26,30,27,34,27,44,21,21,34,27,32,28,40,28,39,37,25,32,29,37,12,20,25,22,26,30,33,25,20,19,33,28,25,24,26,28,20,23,28,37,18,32,25,14,22,28,27,19,24,28,26,35,28,27,19,29,25,26,15,29,18,36,22,22,23,18,21,18,21,15,16,14,18,21,10,17,20,16,14,13,9,12,8,12,13,18,14,15,10,21,6,8,9,10,22,17,9,22,16,23,20,27,8,5,11,12,8,16,10,8,5,12,7,18,9,14,10,18,9,11,6,12,4,7,2,6,3,4,4,10,3,9,3,9,3,5,1,5,3,2,1,6,0,3,1,4,1,3,1,0,0,1,0,0,0,1,0,2,0,0,0,0,0,0,0,0,0,0,0,0,0,0,0,0,0,0,0,0,0,0,0,0,0,0,0,0,0,0,0,0,0,0,0,0
清水二丁目,965,1982,935,1047,11,11,6,10,11,14,7,9,9,4,7,6,17,10,5,12,5,11,10,9,9,9,9,8,5,10,8,3,8,10,9,5,13,8,4,4,10,7,5,8,10,6,13,15,13,9,8,11,10,12,13,18,12,16,4,15,14,16,14,14,19,9,9,8,11,17,13,9,19,13,9,12,15,19,13,12,14,14,17,22,9,19,10,10,21,13,17,16,16,19,12,16,17,10,16,25,17,16,11,12,5,18,9,24,19,16,9,22,20,16,22,10,11,10,24,13,14,7,11,9,14,22,12,12,9,10,6,12,13,9,16,6,5,15,3,14,10,4,9,6,6,8,8,11,8,9,7,13,6,9,9,10,6,3,6,4,6,12,6,13,6,4,6,6,4,9,3,7,3,6,8,4,4,8,3,10,3,9,4,7,5,10,8,7,1,5,0,3,0,0,1,4,3,4,0,2,0,3,0,1,0,0,0,0,0,0,0,0,0,0,0,0,0,0,0,0,0,0,0,0,0,0,0,0,0,0,0,0,0,0,0,0,0,0,0,0,0,0,0,0,0,0,0,0
清水三丁目,1783,3576,1745,1831,14,15,13,10,13,12,13,20,19,21,16,14,16,16,10,13,19,9,16,13,16,16,22,14,16,15,13,13,18,14,13,16,12,13,15,22,20,11,12,15,23,12,18,16,20,12,17,24,22,22,22,23,18,24,16,15,27,21,23,25,25,21,19,16,21,15,17,24,29,23,20,21,27,27,30,24,24,20,23,27,27,28,24,24,30,23,25,26,25,28,32,21,22,27,23,18,32,30,28,40,27,23,29,25,29,23,29,28,32,24,23,22,16,18,22,23,24,31,26,35,23,17,29,18,21,23,20,26,26,19,18,18,27,19,24,20,11,19,19,15,13,17,18,23,16,19,19,16,12,26,25,9,5,14,11,16,13,19,16,22,10,22,16,13,10,17,8,20,7,15,5,16,9,13,8,15,4,17,3,14,7,17,5,12,6,10,4,7,1,3,3,10,1,2,0,7,0,3,0,2,0,0,0,0,0,0,0,0,0,0,0,0,0,0,0,0,0,0,0,0,0,0,0,0,0,0,0,0,0,0,0,0,0,0,0,0,0,0,0,0,0,0,0,0
桃井一丁目,2201,3917,1897,2020,9,9,13,9,9,15,7,13,23,13,16,18,11,15,22,16,15,13,9,17,12,23,14,12,14,13,17,13,15,13,18,15,16,10,11,18,11,18,8,13,15,20,18,20,17,20,18,26,45,31,32,26,26,45,34,26,38,37,27,38,35,31,34,28,24,24,32,28,27,19,30,16,29,30,27,30,27,35,34,30,32,24,31,32,29,27,25,29,32,25,32,20,29,23,33,26,41,43,27,41,35,32,33,25,24,24,44,29,36,26,26,25,15,27,23,28,34,22,24,25,21,23,21,20,20,23,21,13,21,24,12,9,18,24,20,14,16,19,12,15,12,20,22,25,13,20,15,39,34,20,18,23,12,12,9,11,16,20,7,24,17,19,8,13,8,14,11,16,6,16,10,21,12,15,8,13,10,19,8,13,2,8,5,12,1,8,3,9,0,4,2,7,1,2,0,4,0,4,1,3,0,3,0,0,0,0,0,0,0,0,0,0,0,0,0,0,0,0,0,0,0,0,0,0,0,0,0,0,0,0,0,0,0,0,0,0,0,0,0,0,0,0,0,0
桃井二丁目,1287,2633,1220,1413,7,5,3,10,9,8,10,8,9,18,11,12,15,15,17,18,22,16,11,19,11,13,17,16,13,9,11,12,17,15,12,17,16,13,12,17,11,14,18,14,15,12,10,12,9,9,12,14,11,13,9,18,8,15,12,6,12,12,14,14,10,16,13,6,11,10,20,18,9,17,15,12,11,12,15,19,23,25,20,26,27,27,22,23,24,20,22,22,16,25,32,29,23,30,19,30,24,25,27,25,28,27,23,28,21,15,27,24,26,21,18,26,16,16,21,14,9,16,13,15,11,19,10,14,14,10,11,14,11,13,12,8,13,15,10,6,11,11,7,14,9,19,11,17,9,9,9,12,16,14,15,21,5,10,9,11,10,9,8,10,14,15,3,19,6,17,1,13,6,8,9,5,3,8,6,9,0,8,3,9,1,6,3,8,2,4,0,6,2,1,0,4,1,0,0,2,0,0,0,1,0,0,0,1,0,0,0,0,0,0,0,0,0,0,0,0,0,0,0,0,0,0,0,0,0,0,0,0,0,0,0,0,0,0,0,0,0,0,0,0,0,0,0,0
桃井三丁目,1225,2705,1258,1447,10,7,9,16,12,7,18,10,7,7,15,9,8,13,14,9,11,9,11,16,14,18,19,15,28,15,19,19,11,13,20,17,15,12,12,14,16,20,11,14,17,22,16,14,6,11,11,16,21,13,11,7,12,7,10,6,13,4,7,3,9,9,9,7,10,18,13,14,10,9,10,18,17,17,17,18,11,20,12,18,18,16,11,14,13,15,17,12,11,11,22,23,11,21,29,24,21,39,24,32,26,33,34,27,24,36,14,33,28,34,26,25,15,21,19,34,24,29,23,20,22,24,18,26,23,18,17,22,11,10,12,16,13,13,13,10,11,13,18,10,11,10,9,9,7,15,10,18,10,15,10,22,5,6,8,10,4,14,8,11,8,17,12,17,9,11,11,12,7,8,7,7,5,8,6,14,3,5,2,8,6,11,4,10,1,6,4,3,0,4,0,0,0,3,1,0,0,1,0,0,0,0,0,0,0,0,0,0,0,0,0,0,0,0,0,0,0,0,0,0,0,0,0,0,0,0,0,0,0,0,0,0,0,0,0,0,0,0,0,0,0,0,0,0
桃井四丁目,1431,2542,1235,1307,13,9,13,13,7,7,8,9,7,3,9,12,10,11,9,7,9,8,8,10,9,7,5,12,7,6,7,8,8,9,12,5,11,8,11,9,7,9,8,5,10,12,8,12,13,17,10,17,21,14,11,11,15,18,17,14,15,13,16,17,15,12,20,11,16,21,15,15,20,13,22,18,18,18,19,13,18,29,25,18,25,21,16,17,15,23,20,18,16,9,22,12,26,19,24,20,21,27,26,18,18,19,15,22,24,24,23,21,24,17,19,19,21,23,23,15,12,26,21,17,18,15,18,15,17,14,13,17,15,10,5,11,13,13,7,7,9,8,9,21,10,13,13,10,12,17,18,14,8,23,19,18,6,13,10,14,9,12,11,13,10,17,7,13,6,13,7,10,8,19,5,10,7,16,7,11,5,10,7,8,7,7,2,8,0,3,1,5,1,2,2,2,0,3,0,0,0,1,0,3,0,0,0,0,0,0,0,0,0,1,0,0,0,0,0,0,0,0,0,0,0,0,0,0,0,0,0,0,0,0,0,0,0,0,0,0,0,0,0,0,0,0,0,0
井草一丁目,2567,4683,2244,2439,36,31,26,25,22,21,21,15,21,17,15,19,16,17,23,8,16,18,14,20,12,15,17,10,18,20,8,26,12,11,12,18,14,9,10,13,16,10,14,11,18,22,17,33,20,31,26,38,27,39,49,43,41,50,66,54,50,75,50,56,50,51,48,55,39,41,38,42,37,41,34,40,32,38,33,37,36,43,39,28,32,29,35,33,25,36,34,34,33,37,39,24,22,27,31,25,38,35,31,46,29,35,47,40,42,22,34,31,38,28,41,32,24,22,18,31,19,24,21,28,24,35,15,24,32,27,25,20,24,18,21,21,10,15,17,19,25,19,21,27,16,16,27,20,27,17,23,24,26,31,21,25,15,17,12,18,17,17,15,17,11,18,12,15,5,12,3,14,8,10,11,14,9,19,13,18,6,11,2,15,5,11,5,11,5,7,3,3,1,6,3,6,1,3,1,4,1,3,0,0,0,0,0,0,0,0,0,0,0,1,0,0,0,1,0,0,0,0,0,0,0,0,0,0,0,0,0,0,0,0,0,0,0,0,0,0,0,0,0,0,0,0,0,0
井草二丁目,2952,6008,2918,3090,19,22,19,21,21,18,22,30,22,21,23,26,22,27,21,25,24,30,43,16,25,18,42,30,39,36,51,40,33,37,37,46,31,41,38,30,37,26,35,37,23,35,24,39,42,48,35,33,43,56,30,37,31,37,38,51,39,43,46,55,35,38,29,35,42,40,25,38,35,29,43,43,32,34,50,44,36,36,42,42,42,46,31,37,42,36,46,49,43,55,37,64,56,58,65,70,55,65,59,58,53,56,58,66,75,67,53,47,49,52,62,42,40,40,48,39,38,46,36,34,39,31,36,33,39,24,23,25,31,38,25,18,16,24,27,25,30,22,26,20,22,28,22,18,22,22,29,26,21,36,23,24,15,17,12,24,14,22,15,26,18,11,18,18,11,17,10,9,8,16,10,11,8,13,7,13,7,12,6,9,7,8,1,7,1,5,1,8,1,3,2,0,1,3,1,3,1,1,0,3,0,0,0,0,0,0,0,0,0,0,0,0,0,0,0,0,0,0,0,0,0,0,0,0,0,0,0,0,0,0,0,0,0,0,0,0,0,0,0,0,0,0,0,0
井草三丁目,1598,2601,1216,1385,9,5,12,10,7,11,10,7,6,6,10,5,8,8,10,7,10,5,13,9,6,8,5,10,14,9,9,5,8,4,5,8,10,9,8,6,17,14,16,12,22,20,11,14,26,23,20,19,19,20,12,19,12,27,16,28,11,25,16,21,14,15,20,21,20,20,24,27,20,23,12,21,14,21,17,20,21,22,19,19,11,22,19,23,19,18,27,15,23,22,22,16,17,11,25,25,24,27,15,18,21,23,18,20,20,17,23,18,16,24,18,19,13,14,18,14,16,8,10,18,11,15,7,14,12,12,16,15,12,7,7,10,13,13,12,9,11,8,6,15,15,13,12,15,16,11,16,15,14,22,14,16,7,13,13,15,7,15,9,12,6,8,6,12,15,17,6,11,5,15,6,5,4,15,2,15,2,12,4,3,5,9,2,10,3,4,2,10,1,6,1,5,2,1,0,2,0,2,0,0,0,0,0,1,0,0,0,0,0,1,0,1,0,0,0,0,0,0,0,0,0,0,0,0,0,0,0,0,0,0,0,0,0,0,0,0,0,0,0,0,0,0,0,0
井草四丁目,1211,1914,909,1005,9,7,9,11,7,9,11,5,6,5,10,9,6,10,3,7,8,6,4,9,6,5,6,6,9,7,7,7,10,5,9,4,7,4,5,7,7,3,10,8,5,8,9,9,12,7,12,15,10,11,8,11,12,10,12,14,9,9,17,14,19,13,6,10,12,11,8,17,13,10,19,15,15,21,24,16,17,15,9,14,14,8,10,14,12,13,18,18,19,16,13,11,15,14,11,13,17,21,16,19,8,8,14,13,12,11,16,7,13,19,13,20,8,8,16,9,11,16,14,12,8,19,10,7,18,12,7,7,10,5,9,11,11,12,11,11,9,7,5,10,9,10,9,6,10,16,6,10,6,8,4,12,15,11,4,7,7,6,3,9,9,12,5,18,6,9,2,7,7,17,2,14,8,20,4,5,7,9,5,5,3,9,3,4,4,3,1,7,0,5,1,4,1,3,1,3,1,0,0,0,0,0,1,1,0,0,0,0,0,0,0,0,0,0,0,0,0,0,0,0,0,0,0,0,0,0,0,0,0,0,0,0,0,0,0,0,0,0,0,0,0,0,0,0
井草五丁目,1136,2003,989,1014,8,18,9,8,13,7,2,8,3,7,9,10,5,11,8,7,8,6,10,3,6,12,6,10,9,6,7,8,8,5,6,9,7,5,5,7,8,8,8,6,6,6,10,11,9,10,10,14,14,12,11,13,19,15,17,16,10,22,11,10,19,17,11,13,20,19,16,17,16,13,25,12,12,13,11,15,15,18,15,19,13,11,16,11,15,21,27,19,14,17,16,15,17,18,10,14,12,14,18,13,18,13,13,16,21,18,21,13,9,22,17,12,8,10,24,13,17,16,10,10,11,14,13,8,11,10,7,2,11,9,11,11,12,10,12,8,8,9,6,8,17,9,11,9,11,11,9,9,12,9,12,10,7,7,8,10,4,11,3,9,6,7,7,8,6,6,6,7,4,12,5,6,5,10,4,4,3,6,4,2,2,3,2,7,0,2,0,3,1,2,0,1,0,1,0,1,0,0,0,1,0,0,0,0,0,0,0,0,0,0,0,0,0,0,0,0,0,0,0,0,0,0,0,0,0,0,0,0,0,0,0,0,0,0,0,0,0,0,0,0,0,0,0,0
下井草一丁目,1848,3255,1604,1651,14,8,10,7,6,8,13,14,9,12,13,13,5,21,16,11,16,9,10,16,10,14,11,8,14,10,9,10,9,9,6,8,10,10,8,14,12,10,13,11,14,14,12,19,15,17,22,23,23,29,20,25,34,32,23,24,26,34,28,22,21,34,35,27,20,26,28,24,31,19,28,30,24,27,24,13,23,19,29,30,24,20,31,22,33,27,40,28,25,18,25,23,29,31,27,28,25,26,28,30,22,12,21,22,24,21,26,27,20,16,25,18,19,14,18,22,30,23,24,17,16,14,20,16,13,23,19,12,17,17,18,17,12,22,18,12,17,12,18,17,13,19,5,13,14,26,17,21,22,25,14,21,11,9,5,12,13,20,11,11,13,11,8,11,12,11,6,14,15,14,4,12,5,7,8,14,2,12,10,12,0,8,7,7,6,2,0,8,1,3,1,3,1,3,1,2,0,0,0,0,1,0,0,1,0,1,0,0,0,0,0,0,0,0,0,0,0,0,0,0,0,0,0,0,0,0,0,0,0,0,0,0,0,0,0,0,0,0,0,0,0,0,0,0
下井草二丁目,2161,4111,1995,2116,14,16,14,21,15,15,18,13,12,15,16,16,17,12,16,11,18,14,19,13,15,12,15,19,22,20,20,17,9,23,19,12,15,16,19,21,11,19,30,22,17,25,16,17,23,25,25,26,35,28,33,30,25,26,32,33,30,28,36,30,29,26,24,24,31,28,27,23,24,26,20,32,34,32,31,25,30,34,40,28,28,38,21,32,32,32,33,31,38,31,31,29,40,30,32,31,39,43,30,53,28,31,29,38,34,48,31,26,44,31,33,35,16,32,53,33,23,15,20,32,16,24,16,15,21,21,26,22,20,20,20,13,17,14,17,16,16,17,13,19,21,22,20,18,27,25,14,22,25,27,25,24,10,16,10,14,10,22,9,29,18,21,17,22,13,12,9,11,6,9,7,15,8,13,4,11,6,9,5,12,6,4,3,6,3,5,2,4,2,1,1,4,0,3,0,5,1,2,0,1,0,1,0,0,0,1,0,0,0,0,0,0,0,0,0,0,0,0,0,0,0,0,0,0,0,0,0,0,0,0,0,0,0,0,0,0,0,0,0,0,0,0,0,0
下井草三丁目,2582,4773,2269,2504,13,16,24,26,18,17,17,28,21,12,20,21,25,21,26,16,28,12,11,23,14,19,13,16,17,18,16,19,19,21,15,18,21,16,18,10,19,19,20,16,28,24,19,33,24,39,46,44,48,41,42,37,27,43,42,38,40,42,37,35,27,43,28,31,32,50,31,40,25,34,39,39,37,37,27,29,34,41,53,35,26,36,34,35,42,36,34,34,35,39,33,34,40,31,38,53,40,46,36,21,26,42,33,46,35,30,34,29,27,31,44,42,23,31,32,39,26,31,29,23,33,27,36,27,29,42,31,28,21,21,24,23,18,22,17,27,29,21,18,16,24,21,20,22,15,17,14,22,27,29,13,26,15,13,16,17,18,22,20,26,10,13,17,13,11,18,11,15,9,13,4,18,13,20,2,18,5,6,5,10,4,21,2,4,1,7,2,12,2,7,2,4,1,3,1,3,0,1,0,0,1,0,0,0,0,0,0,1,0,0,0,0,0,0,0,0,0,0,0,0,0,0,0,0,0,0,0,0,0,0,0,0,0,0,0,0,0,0,0,0,0,0,0,0
下井草四丁目,1995,3715,1778,1937,13,9,9,16,15,11,14,19,18,12,10,11,17,19,15,17,17,13,21,15,15,19,22,15,15,24,21,20,18,15,18,19,14,12,16,9,13,17,18,13,21,15,17,21,14,22,22,35,23,31,28,35,29,23,23,23,29,26,23,27,25,23,20,13,14,24,19,26,27,25,23,34,23,31,36,35,30,24,19,32,41,25,29,26,28,30,34,25,31,24,38,29,30,24,22,29,20,36,34,23,28,25,22,26,33,29,28,25,20,26,23,18,18,18,19,29,23,30,22,23,35,27,18,20,13,21,21,17,20,18,22,24,12,11,23,21,15,15,18,18,13,13,18,21,12,26,18,14,18,22,18,23,10,15,16,16,12,21,19,11,17,15,8,14,7,13,3,16,9,17,7,16,6,17,10,15,5,11,8,15,6,11,3,13,2,9,2,10,3,10,0,3,3,1,0,2,0,1,0,2,1,0,0,1,0,1,0,0,0,0,0,0,0,0,0,0,0,0,0,0,0,0,0,0,0,0,0,0,0,0,0,0,0,0,0,0,0,0,0,0,0,0,0,0
下井草五丁目,1469,2478,1174,1304,4,8,12,11,10,10,13,8,11,14,8,7,16,7,13,11,6,10,6,11,11,4,11,13,6,9,4,7,8,8,6,7,9,8,5,7,9,5,13,11,8,9,16,7,10,18,17,30,12,14,20,16,12,24,22,18,19,24,18,21,15,29,23,20,12,19,23,30,20,16,23,26,21,19,11,15,22,18,18,24,25,18,17,21,22,19,17,23,18,20,19,27,17,9,14,16,21,19,18,16,24,19,20,16,14,18,17,15,14,21,16,14,16,16,20,22,18,18,19,13,17,17,12,11,13,12,12,12,11,12,16,12,7,14,10,10,12,17,15,13,10,10,5,12,11,15,14,13,10,14,14,20,8,5,8,7,9,7,8,19,7,8,6,15,6,5,1,3,5,13,4,7,5,11,2,9,4,11,5,10,6,4,1,6,3,3,1,4,1,0,2,6,0,0,2,1,0,0,2,0,0,1,0,2,0,0,0,0,0,0,0,0,0,0,0,0,0,0,0,0,0,0,0,0,0,0,0,0,0,0,0,0,0,0,0,0,0,0,0,0,0,0,0,0
上井草一丁目,1945,3613,1718,1895,15,12,9,14,13,13,12,10,23,17,15,13,13,13,20,16,10,16,13,16,13,14,11,20,15,20,18,13,19,14,14,22,17,17,16,16,15,11,15,6,12,15,21,12,19,13,18,27,22,30,14,30,26,23,27,37,21,30,18,24,24,28,26,22,19,29,25,22,22,29,29,25,31,30,23,25,15,21,25,24,39,28,33,28,22,26,30,32,29,20,24,24,29,30,24,40,30,40,41,33,22,38,30,31,29,31,29,27,41,38,24,23,19,24,23,15,32,26,9,22,13,19,13,16,23,18,21,21,16,21,20,16,12,22,23,10,16,18,13,21,23,10,20,17,21,25,25,23,19,27,18,24,11,12,3,5,14,15,11,20,7,13,7,12,12,14,9,14,9,6,9,13,7,13,9,11,3,7,3,10,4,9,0,10,5,5,0,7,1,10,3,5,1,5,2,4,0,1,0,0,0,0,0,1,0,0,0,0,0,0,0,0,0,0,0,0,0,0,0,0,0,0,0,0,0,0,0,0,0,0,0,0,0,0,0,0,0,0,0,0,0,0,0,0
上井草二丁目,2701,5185,2514,2671,15,16,20,12,17,19,22,19,18,22,18,18,19,16,25,21,22,19,18,15,9,10,29,21,17,24,22,26,27,18,24,17,26,18,22,19,32,20,24,17,28,23,20,32,35,37,30,40,31,30,32,48,42,40,35,35,40,38,27,26,28,38,28,29,26,34,28,35,36,30,31,27,41,30,38,37,36,33,32,42,26,42,33,38,42,43,40,29,43,33,39,34,33,48,39,36,47,43,41,45,42,55,47,51,48,50,35,32,29,44,57,32,40,42,49,29,28,42,33,32,38,37,39,40,33,39,26,22,36,30,41,29,38,23,25,30,22,21,21,30,27,25,15,18,30,29,25,34,26,38,28,35,14,8,19,13,11,27,21,22,11,32,7,19,11,19,12,22,9,17,6,17,9,12,10,19,7,21,10,18,3,7,5,12,4,15,1,9,4,7,5,4,1,4,1,4,2,3,0,2,0,3,0,3,0,1,0,0,0,0,0,0,0,0,0,0,0,0,0,0,0,0,0,0,0,0,0,0,0,0,0,0,0,0,0,0,0,0,0,0,0,0,0,0
上井草三丁目,1923,4075,2007,2068,15,13,19,18,12,14,18,17,23,25,17,20,19,20,28,32,17,23,20,27,26,15,22,14,27,16,26,14,17,17,22,23,19,20,20,16,16,23,33,26,27,25,34,25,25,20,28,29,32,29,24,35,22,20,12,18,21,25,21,28,15,27,31,21,13,18,22,26,22,31,23,23,30,29,26,26,32,26,27,32,28,34,27,29,29,31,33,37,36,41,31,25,46,38,26,36,38,37,37,26,35,35,34,33,41,34,36,39,30,32,34,32,26,29,34,22,34,28,19,28,25,19,21,24,26,20,21,15,19,14,10,13,19,20,22,16,19,20,14,17,17,18,15,23,16,18,21,21,21,17,23,19,10,17,12,11,11,15,13,18,13,21,17,14,14,11,8,12,8,14,9,6,5,11,5,10,5,10,4,14,3,9,0,4,1,4,1,5,1,7,0,4,0,1,1,3,0,1,0,0,0,0,0,0,0,0,0,0,0,0,0,0,0,0,0,0,0,0,0,0,0,0,0,0,0,0,0,0,0,0,0,0,0,0,0,0,0,0,0,0,0,0,0,0
上井草四丁目,1352,2952,1409,1543,11,12,17,12,23,10,11,17,16,19,8,11,22,15,9,14,13,14,15,13,16,11,16,19,11,9,14,18,14,12,15,19,16,17,20,13,19,8,15,16,19,24,18,9,10,18,15,16,11,17,19,22,18,22,12,21,15,15,20,18,18,18,21,21,10,12,16,16,21,13,18,25,23,21,17,15,14,17,24,18,19,12,12,25,20,17,24,28,24,23,21,24,17,22,18,23,24,27,30,27,31,22,23,21,22,21,15,32,23,19,22,26,19,23,28,24,26,21,17,23,18,17,22,18,19,20,11,14,15,15,14,12,14,8,11,17,18,15,15,8,9,11,12,14,16,21,14,18,13,21,18,18,5,10,8,11,9,15,8,14,10,6,8,16,9,8,7,9,5,9,0,7,5,10,4,5,1,9,2,13,1,6,1,9,2,7,4,7,0,10,1,3,3,5,0,2,1,2,1,1,0,0,0,2,0,0,0,1,0,0,0,2,0,0,0,0,0,0,0,0,0,0,0,0,0,0,0,0,0,0,0,0,0,0,0,0,0,0,0,0,0,0,0,0
善福寺一丁目,2014,4064,1901,2163,14,13,15,14,8,16,19,19,16,17,15,14,23,20,22,20,18,13,14,27,17,19,14,18,16,19,20,17,25,17,16,17,10,10,10,13,14,19,13,18,15,31,19,31,14,25,23,22,27,31,26,27,14,27,26,20,20,22,15,25,22,22,18,18,20,15,24,26,22,34,23,23,34,31,31,32,24,33,33,35,30,29,35,51,27,42,38,25,36,31,26,26,28,38,37,34,25,40,33,33,24,28,39,33,26,35,31,35,36,26,39,33,25,31,23,33,29,22,23,23,20,16,27,30,24,30,29,20,29,31,18,26,21,20,15,23,21,16,15,22,23,15,18,13,18,31,17,27,28,29,18,20,11,16,14,11,16,26,22,16,17,26,16,18,10,15,5,12,9,15,10,15,11,20,8,12,6,8,7,9,4,5,3,14,4,9,4,7,1,3,1,7,1,2,1,2,0,4,0,0,0,1,0,2,0,1,0,0,0,0,0,0,0,0,0,0,0,0,0,0,0,0,0,0,0,0,0,0,0,0,0,0,0,0,0,0,0,0,0,0,0,0,0,0
善福寺二丁目,1908,3833,1771,2062,7,13,14,12,17,29,14,16,24,20,19,19,13,19,12,15,14,22,15,13,18,15,20,18,17,13,12,13,9,12,17,18,12,12,18,13,21,33,11,41,23,38,12,43,15,36,17,21,19,21,23,16,13,30,12,23,13,23,8,12,18,18,25,18,24,26,23,29,22,32,23,27,17,39,29,23,35,31,21,22,32,31,23,26,23,18,24,34,33,22,33,26,30,25,30,22,25,37,29,32,34,28,33,36,35,34,26,34,31,29,29,35,24,31,32,29,33,33,43,34,19,29,16,18,29,17,28,31,17,25,20,25,14,14,20,15,21,14,18,18,17,13,11,17,16,18,10,15,25,22,22,22,6,16,10,24,10,15,14,19,17,18,10,16,10,20,11,10,9,15,12,16,9,8,12,10,7,14,4,9,7,6,8,8,4,9,3,9,3,3,0,5,2,1,1,3,0,1,0,2,0,0,0,0,1,0,0,1,0,1,0,0,0,0,0,0,0,0,0,0,0,0,0,0,0,0,0,0,0,0,0,0,0,0,0,0,0,0,0,0,0,0,0,0
善福寺三丁目,977,2039,947,1092,5,4,7,5,8,2,4,10,7,11,6,8,9,12,9,7,9,10,7,11,10,4,11,15,5,10,6,14,13,10,7,6,7,7,9,7,10,7,11,7,6,10,9,11,7,8,8,6,8,14,10,13,11,10,14,8,5,13,5,9,9,10,12,9,6,8,7,16,12,12,9,14,10,14,14,13,12,17,14,12,13,15,18,14,11,17,11,15,16,8,14,20,21,16,12,15,12,16,15,13,16,19,16,18,16,19,18,20,11,18,19,15,16,18,11,14,14,13,15,10,17,20,17,9,15,18,10,15,11,14,9,12,15,9,18,13,7,7,8,12,5,12,5,13,10,19,18,17,9,20,15,14,14,12,11,10,6,6,11,10,7,8,15,9,5,16,5,10,5,6,7,12,4,8,6,8,5,5,7,5,1,10,0,5,1,3,2,4,1,5,0,3,1,2,0,1,1,2,0,0,0,0,0,0,0,1,0,0,0,0,0,0,0,0,0,0,0,0,0,0,0,0,0,0,0,0,0,0,0,0,0,0,0,0,0,0,0,0,0,0,0,0,0,0
善福寺四丁目,1045,2322,1122,1200,8,7,8,8,6,5,10,8,6,13,6,13,14,10,16,5,7,8,13,15,9,3,9,13,13,11,8,10,16,15,18,16,16,15,9,10,18,9,12,16,14,6,13,13,15,12,16,8,9,9,8,12,8,5,8,16,11,9,8,9,9,8,10,8,13,11,12,7,14,18,14,8,10,10,17,14,12,17,12,14,14,17,12,15,16,14,9,19,25,20,22,22,19,19,20,24,21,15,17,20,16,25,19,26,17,19,16,22,22,22,22,17,23,10,17,25,16,13,12,19,10,15,13,15,12,11,11,15,9,14,16,13,21,14,9,7,9,16,10,11,11,10,14,10,10,17,9,15,21,14,10,16,8,9,12,11,7,18,11,11,9,11,11,15,8,9,6,8,5,6,9,8,7,14,3,4,5,14,3,7,3,6,2,4,6,5,1,2,0,3,0,5,1,7,0,1,0,0,0,0,0,1,0,0,0,0,0,1,0,0,0,0,0,0,0,0,0,0,0,0,0,0,0,0,0,0,0,0,0,0,0,0,0,0,0,0,0,0,0,0,0,0,0,0
松庵一丁目,1815,3651,1691,1960,11,13,9,14,13,9,16,12,18,19,18,10,15,15,7,16,20,20,15,14,13,12,14,19,16,17,10,20,12,16,19,15,13,12,9,6,18,18,18,16,14,23,15,16,22,21,24,24,19,26,15,24,23,17,17,30,19,25,13,21,22,25,26,24,16,28,16,22,30,27,25,25,23,24,24,18,34,23,21,17,24,24,16,30,22,36,24,32,28,26,35,36,26,30,27,26,26,43,29,38,26,46,37,27,23,34,35,39,19,24,44,26,21,30,30,27,28,30,19,30,28,25,22,26,18,20,21,12,22,21,15,30,14,19,21,15,17,16,11,21,16,20,14,18,16,20,17,23,18,27,18,17,20,20,10,12,16,20,10,15,7,18,12,16,9,11,9,9,11,15,9,17,12,9,6,10,13,8,2,8,4,13,5,7,2,5,1,7,0,5,1,6,1,5,1,4,0,1,0,1,1,1,0,0,0,0,0,0,0,0,0,0,0,0,0,0,0,0,0,0,0,0,0,0,0,0,0,0,0,0,0,0,0,0,0,0,0,0,0,0,0,0,0,0
松庵二丁目,1411,2641,1216,1425,5,6,6,6,5,5,7,14,7,10,12,6,14,12,6,7,15,9,7,8,11,10,9,17,15,8,13,6,10,11,12,7,13,10,15,9,4,14,10,6,7,17,20,17,21,19,18,16,18,26,17,16,24,21,19,24,19,18,19,14,20,17,15,20,14,23,13,21,13,21,13,21,16,17,17,16,12,24,11,16,19,19,18,14,17,14,12,21,20,28,21,18,17,23,17,23,24,32,15,29,14,24,25,29,20,29,22,29,25,30,27,32,17,19,19,22,22,16,19,14,18,19,14,13,17,14,15,12,9,16,14,13,15,13,12,10,9,9,5,10,6,7,11,11,15,8,14,15,9,13,14,22,9,9,5,15,7,11,9,15,9,11,11,3,6,15,7,8,4,10,3,13,9,10,10,8,2,12,2,3,4,5,3,14,2,6,2,8,1,7,0,0,2,1,0,0,0,3,0,1,0,1,0,1,0,0,0,0,0,0,0,0,0,0,0,0,0,0,0,0,0,0,0,0,0,0,0,0,0,0,0,0,0,0,0,0,0,0,0,0,0,0,0,0
松庵三丁目,2656,4315,1996,2319,19,11,15,14,20,14,8,10,13,12,10,15,10,18,15,10,9,9,10,10,12,12,14,11,9,17,13,8,13,9,17,13,5,18,13,10,13,18,11,14,19,16,18,19,27,42,31,26,35,32,28,31,42,52,27,40,35,43,28,48,33,47,34,32,26,35,33,34,28,33,39,28,33,41,29,38,26,34,37,36,25,30,30,35,38,35,29,36,34,32,37,41,35,42,31,35,43,37,30,49,42,41,33,46,21,40,34,35,44,49,39,30,27,30,34,32,26,27,23,28,33,20,23,18,19,35,22,25,12,16,21,18,16,15,16,15,14,19,22,25,16,21,17,15,20,22,28,25,18,35,22,33,10,12,10,21,15,20,21,18,15,22,16,15,8,17,8,17,13,14,8,13,8,14,9,9,7,7,3,10,4,16,4,5,1,9,4,9,1,7,0,2,0,4,0,3,0,1,0,5,0,0,0,1,0,1,0,0,0,0,0,0,0,0,0,0,0,0,0,0,0,0,0,0,0,0,0,0,0,0,0,0,0,0,0,0,0,0,0,0,0,0,0,0
宮前一丁目,956,1757,838,919,6,4,7,3,4,8,9,4,8,7,3,6,3,4,7,6,9,8,6,7,6,9,10,8,4,7,11,4,6,6,10,4,8,5,4,6,9,5,1,7,10,7,15,8,10,10,13,16,19,10,21,8,18,13,16,9,8,12,10,11,10,14,11,11,8,13,12,14,12,16,10,12,10,17,10,14,8,17,13,6,8,10,17,12,16,14,11,17,10,14,11,14,13,13,20,13,13,10,9,18,7,17,9,18,16,13,12,11,13,16,10,13,14,11,13,12,10,11,10,16,8,11,7,10,14,10,12,12,7,11,8,7,6,11,10,10,12,10,15,11,6,11,15,9,4,11,9,13,5,16,9,11,6,6,7,11,5,10,7,5,8,4,4,8,5,7,9,8,3,4,5,7,4,4,2,9,1,1,1,5,2,5,0,4,1,4,0,3,2,4,1,4,0,0,0,0,1,2,0,1,0,0,0,0,0,0,0,0,0,0,0,0,0,0,0,0,0,0,0,0,0,0,0,0,0,0,0,0,0,0,0,0,0,0,0,0,0,0,0,0,0,0,0,0
宮前二丁目,1669,3612,1738,1874,13,14,21,12,19,15,19,14,13,21,18,18,13,26,21,6,20,16,15,23,19,15,15,19,14,14,11,23,9,16,19,24,17,10,17,13,21,16,18,12,15,17,17,23,20,20,26,19,28,25,13,22,17,21,23,26,20,25,13,15,23,26,21,18,19,22,19,34,18,20,22,21,28,18,21,25,25,24,20,22,23,31,21,21,32,29,20,31,25,16,28,32,24,24,19,29,33,27,35,23,22,34,35,32,19,23,27,32,22,23,15,31,31,28,39,41,37,28,26,27,25,30,22,22,31,21,15,24,22,24,20,8,27,17,11,25,23,22,16,27,21,18,16,19,21,14,18,23,21,26,31,20,7,10,11,9,9,12,15,16,11,15,10,14,6,16,10,15,9,12,6,12,3,7,4,7,7,12,2,4,1,9,3,6,3,5,2,5,3,7,1,4,2,0,0,1,0,2,0,1,0,0,0,0,0,1,0,0,0,0,0,0,0,0,0,0,0,0,0,0,0,0,0,0,0,0,0,0,0,0,0,0,0,0,0,0,0,0,0,0,0,0,0,0
宮前三丁目,2591,5171,2537,2634,18,20,23,17,17,24,21,22,37,22,22,16,21,21,34,29,27,31,27,23,32,24,25,24,17,30,25,19,33,21,29,16,20,21,30,18,28,17,30,11,18,26,19,15,30,22,20,27,27,26,27,34,17,39,32,28,34,29,39,26,30,32,33,22,36,30,43,38,33,39,32,30,32,43,41,36,47,44,31,56,44,32,34,41,36,34,28,40,45,37,46,44,39,43,41,45,43,44,50,29,48,50,37,40,35,35,50,47,45,34,37,30,33,34,37,38,34,32,29,38,26,29,23,27,25,30,29,36,24,24,22,25,14,27,25,29,23,21,23,29,22,21,26,22,19,30,31,25,29,36,24,29,15,24,21,22,15,21,24,26,17,15,17,31,12,24,11,19,13,24,15,21,10,17,7,21,13,22,10,12,8,11,6,9,2,9,1,6,2,7,0,3,3,7,1,1,0,2,1,1,0,2,0,0,0,1,0,1,0,0,0,0,0,0,0,0,0,0,0,0,0,0,0,0,0,0,0,0,0,0,0,0,0,0,0,0,0,0,0,0,0,0,0,0
宮前四丁目,2311,4578,2199,2379,13,10,15,17,14,8,16,14,22,19,22,14,19,10,22,23,21,12,12,32,14,17,27,24,21,22,17,16,15,25,23,25,26,28,27,15,18,26,35,19,27,23,16,23,32,30,26,28,35,47,41,30,35,32,20,33,23,33,17,20,21,21,27,25,24,24,27,26,30,27,30,36,21,27,30,30,23,37,35,34,31,14,28,31,24,50,18,28,32,37,33,38,48,39,49,45,36,43,44,40,46,47,34,33,34,37,40,50,35,48,39,35,33,24,39,32,42,39,32,32,29,24,25,22,24,26,24,24,21,31,24,23,17,14,24,17,18,20,18,19,15,21,20,14,12,28,21,25,23,21,23,25,13,12,17,17,13,22,21,27,14,27,15,16,14,21,16,18,19,16,6,19,13,17,7,11,8,18,4,19,4,15,6,7,7,7,4,10,2,5,0,1,0,4,2,2,0,1,0,1,0,2,0,1,0,1,0,2,0,1,0,0,0,0,0,0,0,0,0,0,0,1,0,0,0,0,0,0,0,0,0,0,0,0,0,0,0,0,0,0,0,0,0,0
宮前五丁目,2006,3956,1892,2064,11,8,8,18,12,11,13,14,16,12,11,22,13,18,22,14,17,18,15,19,22,24,17,25,15,19,17,21,14,22,20,18,14,16,18,10,12,22,14,23,16,10,20,17,27,22,37,31,26,24,32,27,32,27,25,39,21,43,39,24,18,26,24,31,18,17,36,20,25,29,25,23,25,17,25,26,19,28,28,33,35,28,27,26,27,22,32,35,32,42,28,31,29,26,30,40,21,30,35,42,25,31,33,44,29,31,40,45,32,43,47,36,34,25,39,29,34,31,30,27,14,32,25,22,26,18,18,9,22,17,16,19,14,20,21,21,19,15,19,22,20,14,9,18,22,15,14,18,16,20,15,16,9,12,16,16,14,9,9,11,9,22,10,11,10,19,8,10,10,15,10,15,6,10,7,9,5,14,4,11,5,11,2,8,2,6,4,8,2,5,0,5,1,4,0,2,0,1,0,1,1,0,0,0,0,1,0,0,0,0,0,0,0,0,0,0,0,0,0,0,0,0,0,0,0,0,0,0,0,0,0,0,0,0,0,0,0,0,0,0,0,0,0,0
久我山一丁目,890,1552,723,829,2,2,5,5,10,5,7,4,8,3,6,5,7,2,4,2,8,4,5,3,6,2,7,10,7,6,5,7,6,3,2,1,4,5,3,4,6,9,5,7,9,7,6,8,7,8,7,5,9,7,12,5,4,6,5,5,4,4,8,3,7,10,9,5,5,6,6,5,9,7,3,6,8,5,5,8,6,9,8,5,5,6,11,14,7,10,7,8,11,11,9,8,8,8,8,18,14,19,14,5,15,18,11,16,11,7,14,11,7,15,10,15,15,10,12,14,8,9,12,10,11,17,6,9,5,13,18,12,7,15,9,9,9,3,6,7,7,11,9,11,12,13,5,12,10,8,14,21,15,18,11,11,9,9,4,8,11,14,13,12,9,12,5,22,5,12,10,9,6,11,3,10,6,16,4,14,4,4,6,5,3,10,2,8,5,5,0,4,2,1,2,2,1,3,0,0,0,1,0,0,0,2,0,0,0,0,0,0,0,0,0,0,0,0,0,0,0,0,0,0,0,0,0,0,0,0,0,0,0,0,0,0,0,0,0,0,0,0,0,0,0,0,0,0
久我山二丁目,1377,2601,1205,1396,12,15,9,8,7,8,12,11,13,7,7,9,13,12,10,10,13,8,18,7,12,6,17,12,13,7,11,12,7,13,11,9,13,8,10,15,7,5,12,12,11,10,5,11,11,14,14,17,9,18,12,22,15,13,15,23,16,18,22,19,11,20,19,25,15,17,12,24,13,12,18,21,18,15,13,18,13,14,23,29,15,13,16,24,17,14,13,21,23,13,24,28,18,16,19,16,18,28,22,14,23,24,16,14,18,21,18,20,18,25,24,23,16,14,15,25,10,19,15,15,17,11,11,12,11,14,17,15,9,22,15,9,9,13,14,20,9,9,14,11,14,19,9,16,8,15,19,19,12,30,16,21,12,9,13,10,12,10,8,18,10,18,16,16,11,12,6,7,7,10,5,7,6,8,5,8,2,11,4,8,4,11,1,3,2,10,3,3,0,10,1,1,1,3,2,1,0,1,0,2,0,1,0,0,0,0,0,0,0,0,0,1,0,0,0,0,0,0,0,0,0,0,0,0,0,0,0,0,0,0,0,0,0,0,0,0,0,0,0,0,0,0,0,0
久我山三丁目,3031,5306,2441,2865,17,16,16,20,15,16,15,11,16,19,10,17,20,18,14,14,20,14,26,14,14,14,19,16,20,15,21,13,12,27,15,15,9,16,13,18,12,12,12,14,21,27,18,26,27,42,40,54,44,46,40,35,44,46,35,58,40,50,42,48,43,45,35,47,41,37,41,46,30,39,23,50,30,46,38,47,36,34,32,29,42,25,45,34,32,36,35,34,47,44,31,41,37,42,37,31,39,48,46,42,36,47,42,40,40,47,36,54,31,35,36,40,26,30,38,54,36,42,34,33,26,35,33,37,32,28,29,28,23,17,18,28,26,28,25,33,27,32,22,23,20,35,30,24,30,23,34,45,29,31,23,28,18,24,18,31,15,29,24,23,21,26,20,25,18,20,17,20,10,31,14,24,13,21,12,28,6,13,11,16,10,20,4,10,4,7,2,8,5,9,6,11,3,6,1,6,0,2,0,2,0,5,0,1,0,2,0,0,0,0,0,0,0,0,0,0,0,0,0,0,0,0,0,0,0,0,0,0,0,0,0,0,0,0,0,0,0,0,0,0,0,0,0,0
久我山四丁目,2670,5196,2397,2799,15,14,10,8,19,17,9,10,10,10,19,15,19,22,15,23,13,22,37,18,11,27,22,24,24,19,27,17,19,27,21,30,26,24,20,24,21,23,27,27,43,24,32,27,36,41,27,40,37,36,29,50,36,46,35,40,41,41,34,30,23,28,29,35,27,39,15,34,25,30,21,35,26,36,26,23,41,34,23,33,27,41,27,39,45,34,36,35,35,35,48,51,34,40,33,39,33,47,31,41,41,55,34,41,33,53,48,40,45,46,37,45,34,42,38,41,23,43,46,33,35,28,35,35,30,22,29,33,25,26,27,38,27,23,23,31,23,26,23,29,36,25,23,39,33,27,29,36,30,32,31,37,10,18,22,21,15,33,21,19,17,27,20,26,19,29,9,13,11,17,12,20,8,19,17,17,7,13,5,16,5,13,4,9,7,11,4,11,0,7,3,4,0,8,3,4,0,6,0,2,1,2,0,0,0,2,0,0,0,0,0,1,0,0,0,0,0,0,0,0,0,0,0,0,0,0,0,0,0,0,0,0,0,0,0,0,0,0,0,0,0,0,0,0
久我山五丁目,2968,5490,2520,2970,24,15,26,21,21,22,23,24,19,22,17,29,15,20,24,24,25,22,19,12,14,13,18,13,21,19,28,17,21,16,23,29,17,17,17,17,25,16,30,26,25,21,17,31,32,30,21,40,25,44,33,41,31,53,44,32,48,50,29,45,43,42,36,42,42,40,37,41,34,47,33,43,47,57,56,52,26,44,29,41,37,44,35,40,35,31,40,46,35,39,34,51,36,42,44,48,46,54,40,44,40,59,41,47,38,56,33,39,47,41,36,40,50,34,43,51,40,40,37,41,30,34,27,34,26,35,27,38,31,28,18,22,17,36,33,24,22,31,20,26,27,27,26,24,26,28,27,40,41,35,31,34,20,14,9,24,21,26,13,25,12,36,11,19,18,23,8,13,7,19,10,18,12,24,9,14,10,11,9,10,2,23,5,10,2,13,4,10,2,11,3,5,0,2,1,2,1,4,0,1,0,0,0,0,0,0,0,0,0,0,0,0,0,0,0,0,0,0,0,0,0,0,0,0,0,0,0,0,0,0,0,0,0,0,0,0,0,0,0,0,0,0,0,0
高井戸東一丁目,1840,3889,1823,2066,13,14,12,12,13,9,15,11,11,9,16,18,17,13,19,11,17,10,12,13,23,12,18,14,22,18,25,14,16,19,15,14,17,16,13,19,18,16,14,19,17,16,14,18,20,13,18,14,17,12,16,20,15,19,15,11,16,15,20,23,14,15,18,12,11,18,17,24,20,18,18,12,10,18,15,12,15,24,18,19,20,22,14,24,21,23,18,31,25,31,16,24,31,39,32,29,28,33,32,37,30,34,25,34,30,37,25,37,27,39,37,41,15,38,40,40,28,37,41,32,26,24,25,36,33,30,35,30,23,30,26,33,24,32,21,15,31,21,28,24,16,27,21,38,20,28,20,31,25,27,31,33,18,19,18,28,10,28,15,17,22,29,18,22,19,30,18,19,16,18,13,14,14,14,10,11,9,11,5,15,6,12,8,8,1,12,4,1,2,4,2,4,2,5,0,1,2,4,0,1,0,1,0,1,0,0,0,0,0,0,1,2,0,0,0,0,0,0,0,0,0,0,0,0,0,0,0,0,0,0,0,0,0,0,0,0,0,0,0,0,0,0,0,0
高井戸東二丁目,2137,3851,1809,2042,16,17,15,7,16,13,18,15,19,7,14,16,17,17,9,13,14,17,15,13,16,15,21,18,11,15,20,14,18,16,19,17,10,17,16,18,19,16,12,14,20,16,24,26,26,31,32,38,24,41,28,39,24,31,22,38,43,34,16,27,25,34,17,27,30,38,23,25,20,28,29,33,26,28,40,30,31,37,21,35,26,16,19,16,29,31,26,26,26,24,16,26,29,33,26,34,31,31,36,38,30,29,28,27,34,36,23,19,31,32,25,29,25,21,23,21,26,34,19,20,22,22,15,22,22,19,23,21,26,38,16,22,20,18,34,20,15,16,14,20,19,11,20,23,17,20,12,22,12,18,25,24,12,13,10,13,12,24,14,12,9,10,7,18,8,13,7,12,9,19,8,8,4,10,8,10,3,5,4,12,0,12,6,8,3,8,2,8,1,2,3,2,0,5,1,3,0,0,1,1,1,1,0,0,0,2,0,1,0,0,0,0,0,0,0,0,0,0,0,0,0,0,0,0,0,0,0,0,0,0,0,0,0,0,0,0,0,0,0,0,0,0,0,0
高井戸東三丁目,3793,7430,3448,3982,35,38,34,29,45,43,39,36,27,35,33,40,45,35,45,22,26,43,31,27,37,31,32,35,26,29,30,31,21,29,23,20,32,20,17,21,26,32,31,32,27,36,31,29,37,41,44,40,35,55,35,50,39,57,37,63,43,44,37,52,47,58,43,61,48,46,54,45,48,49,54,56,47,62,53,57,39,67,55,62,69,61,51,55,60,66,56,66,45,54,62,61,59,77,70,66,64,70,60,60,69,70,56,56,58,73,56,68,54,48,53,58,45,54,54,70,64,53,42,49,47,52,37,53,46,37,40,51,46,29,27,42,36,46,40,36,33,33,37,28,27,48,31,50,33,30,44,52,30,41,30,49,24,24,12,33,23,33,28,32,10,27,17,20,21,22,21,10,10,22,12,23,13,20,11,20,7,9,4,16,2,22,2,17,5,9,0,14,2,8,0,9,2,6,2,5,1,4,0,3,0,2,0,1,0,1,0,0,0,0,0,0,0,0,0,0,0,0,0,0,0,0,0,0,0,0,0,0,0,0,0,0,0,0,0,0,0,0,0,0,0,0,0,0
高井戸東四丁目,2559,4793,2260,2533,16,11,13,14,25,20,19,13,16,10,25,22,25,24,14,24,23,18,23,19,27,18,12,18,18,15,19,22,18,21,14,16,26,16,16,21,23,21,15,19,24,28,15,20,40,33,26,33,23,38,35,40,29,35,27,27,34,18,27,33,30,34,25,35,28,28,29,30,20,33,29,28,30,29,38,37,22,41,49,40,38,32,35,31,32,29,25,38,41,44,38,44,45,38,26,38,40,32,38,31,33,48,43,38,32,27,30,34,26,43,35,46,28,33,32,35,35,30,30,39,21,27,18,23,36,29,24,28,23,24,28,28,33,27,25,32,15,24,21,17,29,21,24,24,25,21,27,28,22,26,25,33,14,20,10,27,18,22,15,19,14,28,11,27,17,21,11,22,18,16,10,30,12,16,8,14,9,21,11,15,6,18,6,6,5,15,6,14,2,8,2,10,3,5,5,7,1,2,1,3,0,1,0,1,0,1,0,0,0,0,0,0,0,0,0,0,0,0,0,0,0,0,0,0,0,0,0,0,0,0,0,0,0,0,0,0,0,0,0,0,0,0,0,0
高井戸西一丁目,3522,5586,2346,3240,15,14,18,19,16,15,25,18,17,21,20,12,10,12,16,17,24,17,22,19,10,15,18,15,10,22,15,20,23,18,13,9,14,8,13,21,12,17,17,19,18,17,18,23,28,30,26,24,31,31,23,34,43,37,38,32,31,43,29,34,24,35,24,36,23,26,32,26,30,35,35,22,26,25,28,28,25,33,41,27,38,28,34,27,22,32,29,41,30,32,29,38,27,29,36,31,31,29,29,39,37,38,28,45,26,36,35,36,27,19,26,33,21,22,35,49,33,30,26,33,32,30,22,17,21,26,25,20,28,29,26,25,24,20,27,25,31,40,22,31,27,33,19,38,31,42,25,50,33,53,44,52,16,30,26,35,37,54,34,46,35,59,24,59,29,59,22,58,19,60,29,63,23,75,17,53,12,63,16,43,23,54,12,50,11,42,6,46,6,47,7,27,3,27,0,15,0,10,0,12,1,10,0,7,1,4,0,4,0,1,0,2,0,0,0,0,0,1,0,0,0,0,0,0,0,0,0,0,0,0,0,0,0,0,0,0,0,0,0,0,0,0,0,0
高井戸西二丁目,1565,3122,1409,1713,13,9,8,12,7,8,6,9,19,20,15,10,15,12,16,15,14,15,13,15,15,17,21,14,14,9,9,17,9,16,7,12,12,12,12,13,11,19,12,26,15,20,10,22,12,15,8,21,18,18,22,19,14,16,14,12,16,17,20,28,15,20,8,23,20,22,20,21,22,18,20,22,23,20,21,29,20,18,24,26,17,22,24,20,25,23,28,29,21,27,21,24,22,24,16,33,24,30,25,23,25,25,17,36,25,28,27,29,27,23,27,14,14,17,26,29,16,32,28,18,13,19,12,17,19,20,24,15,18,18,7,18,17,15,19,17,19,19,15,26,12,18,10,23,15,15,25,23,15,20,18,19,13,16,9,23,13,14,7,24,8,18,5,10,6,7,6,10,3,15,8,10,4,11,7,14,5,5,3,6,3,13,0,3,4,2,1,3,0,2,0,2,1,6,0,2,0,2,0,0,0,0,0,0,0,0,0,0,0,0,0,0,0,0,0,0,0,0,0,0,0,0,0,0,0,0,0,0,0,0,0,0,0,0,0,0,0,0,0,0,0,0,0,0
高井戸西三丁目,1352,2716,1330,1386,18,5,10,7,16,12,8,11,7,9,14,16,12,16,17,9,17,12,13,12,17,15,15,7,13,9,14,10,15,4,12,5,10,9,9,10,15,11,20,12,25,5,24,18,28,15,16,15,23,23,29,22,18,15,12,16,14,15,25,16,11,13,10,15,17,16,14,23,15,12,14,24,19,24,25,24,19,25,21,17,22,24,15,18,16,21,19,21,20,24,22,19,22,22,15,21,23,30,21,21,22,24,19,33,24,17,24,21,24,17,23,25,11,23,21,15,19,21,17,22,9,12,11,18,11,18,5,17,21,14,11,11,12,8,7,12,11,13,11,8,13,10,10,13,11,19,15,19,15,15,12,15,8,7,2,13,6,23,13,10,10,10,10,16,7,6,4,14,1,11,7,2,7,4,6,13,3,5,2,5,2,5,3,5,0,4,2,5,0,3,0,4,0,1,1,3,0,0,0,0,1,1,0,0,0,0,0,0,0,1,0,0,0,0,0,0,0,0,0,0,0,0,0,0,0,0,0,0,0,0,0,0,0,0,0,0,0,0,0,0,0,0,0,0
上高井戸一丁目,4079,6351,2884,3467,24,24,26,20,19,26,13,22,27,23,17,15,15,12,17,15,18,14,15,10,19,16,8,15,13,17,15,15,10,20,16,17,12,15,12,17,18,30,23,40,37,33,41,40,48,59,63,86,57,68,59,95,74,81,55,94,67,105,57,74,46,71,51,69,47,65,66,51,56,62,39,63,49,72,60,45,49,55,49,44,35,57,45,43,48,43,42,52,41,46,48,54,37,54,48,53,40,54,48,58,40,60,44,61,49,63,45,49,45,42,48,47,35,36,49,41,46,39,37,32,41,39,27,31,31,31,21,32,27,22,22,23,18,26,26,26,22,21,23,21,21,28,36,24,21,36,29,33,31,33,25,38,16,15,12,23,18,22,14,34,15,20,19,26,16,18,12,17,8,15,11,17,8,18,5,13,7,15,6,11,7,8,1,8,2,7,3,3,1,6,1,2,1,3,2,1,0,1,1,0,0,0,0,0,0,1,0,0,0,0,0,0,0,0,0,0,0,0,0,0,0,0,0,0,0,0,0,0,0,0,0,0,0,0,0,0,0,0,0,0,0,0,0,0
上高井戸二丁目,1775,3554,1673,1881,16,19,23,14,13,19,25,21,15,15,23,20,17,13,20,15,15,16,9,15,9,13,12,18,17,20,15,14,18,11,12,13,10,11,18,8,17,14,16,13,12,18,14,28,19,22,17,28,28,24,23,28,21,27,22,25,17,27,19,29,22,30,27,22,20,27,32,21,25,30,22,19,24,25,21,29,31,36,34,34,22,24,32,26,29,26,23,29,24,34,32,19,17,28,24,21,20,42,26,37,42,35,35,26,15,32,29,33,28,19,18,25,29,17,35,18,25,26,21,23,20,21,15,14,20,20,22,16,14,12,13,12,17,13,13,20,10,20,7,12,18,14,16,14,16,23,14,16,16,19,11,11,9,20,14,12,17,16,11,14,13,19,15,13,4,17,8,13,4,13,7,8,5,16,4,22,4,13,6,10,6,4,2,9,3,6,2,7,1,5,0,3,0,5,0,3,0,1,0,2,0,2,0,0,0,0,0,0,0,0,0,0,0,0,0,0,0,0,0,0,0,0,0,0,0,0,0,0,0,0,0,0,0,0,0,0,0,0,0,0,0,0,0,0
上高井戸三丁目,1268,2169,1088,1081,12,8,7,4,8,6,3,7,9,8,7,7,6,6,9,9,9,7,10,6,4,9,5,8,6,7,14,7,7,8,5,7,13,10,7,6,9,12,13,6,9,10,14,20,15,21,26,27,18,26,24,27,25,22,22,22,25,27,21,19,27,16,20,11,28,21,9,18,18,12,10,12,18,21,32,14,23,21,22,11,13,12,11,17,13,17,14,21,19,16,24,14,18,18,10,15,18,19,15,15,18,11,13,14,19,13,10,20,18,21,20,10,14,16,17,20,11,12,21,7,11,15,17,14,11,15,7,6,9,10,8,7,5,9,8,7,6,7,14,11,7,9,7,10,9,6,5,6,10,15,12,12,6,7,3,4,8,7,5,7,5,6,7,4,3,8,2,5,5,4,1,5,2,4,1,2,3,4,0,6,1,3,4,3,0,0,1,4,0,1,0,1,0,2,0,1,0,0,0,0,0,0,0,0,0,0,0,0,0,0,0,0,0,0,0,0,0,0,0,0,0,0,0,0,0,0,0,0,0,0,0,0,0,0,0,0,0,0,0,0,0,0,0,0